model,Sector,fold,accuracy,auc,f1,precision,recall,mcc,baseline_test,baseline_train,n,accuracy_sd,auc_sd,f1_sd,precision_sd,recall_sd,mcc_sd,baseline_test_sd,baseline_train_sd,n_sd,n_seeds
LogisticRegression,Healthcare,1,0.5111050675369413,0.4928779437393961,0.6051109321227209,0.5275791624106231,0.7093562231759657,-0.0014986170253184887,0.5280572930831293,0.5280572930831293,11031.0,,,,,,,,,,1
RandomForest,Healthcare,1,0.5060284652343396,0.5026628238463707,0.54443608393947,0.530638852672751,0.5589699570815451,0.005789796767819692,0.5280572930831293,0.5280572930831293,11031.0,,,,,,,,,,1
XGBoost,Healthcare,1,0.49732571842987944,0.4976754949307419,0.5204531695926663,0.5243987452073894,0.5165665236051502,-0.007630498395999162,0.5280572930831293,0.5280572930831293,11031.0,,,,,,,,,,1
LSTM,Healthcare,1,0.5000815882512918,0.4876174931863037,0.5535822922267333,0.5201748048269177,0.6370128755364807,-0.018781296039053104,0.5280572930831293,0.5280572930831293,11031.0,0.016613817270360872,0.0021802087528226457,0.1166992923765585,0.005323429813889934,0.2554901441609392,0.004913101267491989,0.0,0.0,0.0,5
LogisticRegression,Healthcare,2,0.5023664122137405,0.49893993326560687,0.6253232944422094,0.502447584741849,0.8277541083384053,0.0033531927192324232,0.5016793893129771,0.5016793893129771,13100.0,,,,,,,,,,1
RandomForest,Healthcare,2,0.4986259541984733,0.5001372196588617,0.5660103079159509,0.5002335902826442,0.6517041996348144,-0.0039718765390255265,0.5016793893129771,0.5016793893129771,13100.0,,,,,,,,,,1
XGBoost,Healthcare,2,0.4993893129770992,0.49759008993889703,0.583248601931876,0.5007638585770406,0.6982653682288497,-0.0027939611931882217,0.5016793893129771,0.5016793893129771,13100.0,,,,,,,,,,1
LSTM,Healthcare,2,0.49992366412213735,0.4989458793731279,0.6348802168917274,0.5008458719509308,0.8699026171637249,-0.002269620972396256,0.5016793893129771,0.5016793893129771,13100.0,0.002666843903750128,0.00213425840981916,0.020701911388024068,0.0013921390171701715,0.07422205587485094,0.010008830896912568,0.0,0.0,0.0,5
LogisticRegression,Healthcare,3,0.5087291301364641,0.5068719031533496,0.6440172356645675,0.5113157894736842,0.869740376007162,0.0019370645946184361,0.5109400015247388,0.5109400015247388,13117.0,,,,,,,,,,1
RandomForest,Healthcare,3,0.5043836243043379,0.5043816331510027,0.5505081933208877,0.5129493621955934,0.5940017905102954,0.00483871932980789,0.5109400015247388,0.5109400015247388,13117.0,,,,,,,,,,1
XGBoost,Healthcare,3,0.5056034154151101,0.5026174292617017,0.5698175787728027,0.5129583184043951,0.6408534765741569,0.00536403415097209,0.5109400015247388,0.5109400015247388,13117.0,,,,,,,,,,1
LSTM,Healthcare,3,0.508515666692079,0.5045160121349055,0.6022138094340075,0.5135126812336772,0.7299313637720084,0.0077558403686771235,0.5109400015247388,0.5109400015247388,13117.0,0.004839214737277077,0.007905081372186928,0.016996782527874312,0.0037997129278887734,0.052794125415694795,0.01171600534533042,0.0,0.0,0.0,5
LogisticRegression,Healthcare,4,0.5013552234182607,0.505845477874,0.6277819527140297,0.5041314641166094,0.8318014705882353,-0.006304259026394811,0.5055370556803221,0.5055370556803221,12913.0,,,,,,,,,,1
RandomForest,Healthcare,4,0.5070084411058623,0.5039502265765351,0.5489584809409097,0.5106775639335618,0.5934436274509803,0.012269525255476794,0.5055370556803221,0.5055370556803221,12913.0,,,,,,,,,,1
XGBoost,Healthcare,4,0.49934174862541625,0.4972692177399542,0.5652612467218076,0.5037756202804746,0.6438419117647058,-0.004760212816290208,0.5055370556803221,0.5055370556803221,12913.0,,,,,,,,,,1
LSTM,Healthcare,4,0.5064198869356462,0.5051721636187756,0.6053247880941014,0.5082338649089182,0.7630514705882353,0.008177069738987519,0.5055370556803221,0.5055370556803221,12913.0,0.0034821056599315136,0.004542365887407251,0.05072700250167959,0.0031430987093949503,0.13920660571360952,0.009889979466527823,0.0,0.0,0.0,5
LogisticRegression,Healthcare,5,0.5198967698967699,0.5102053594989231,0.6359906583349113,0.52676704307821,0.8023570632266285,0.015986370190347574,0.5227272727272727,0.5227272727272727,12012.0,,,,,,,,,,1
RandomForest,Healthcare,5,0.5041625041625042,0.5031457317308112,0.5540581012279125,0.5228204041260421,0.589265806657111,0.0002232833072310428,0.5227272727272727,0.5227272727272727,12012.0,,,,,,,,,,1
XGBoost,Healthcare,5,0.5038295038295039,0.4961801660320533,0.5785007072135785,0.5202900394351864,0.6513776078993471,-0.006714887553291412,0.5227272727272727,0.5227272727272727,12012.0,,,,,,,,,,1
LSTM,Healthcare,5,0.5181651681651681,0.5107328960308279,0.6401820888294184,0.5250863278588149,0.8215002388915433,0.009183462251471815,0.5227272727272727,0.5227272727272727,12012.0,0.0035968467987044714,0.007639271970759413,0.014032669887073147,0.002796747138214519,0.0488842382105949,0.011512826954023003,0.0,0.0,0.0,5
LogisticRegression,Industrials,1,0.5219708148876865,0.5119251328796431,0.6149884450313635,0.539379198517489,0.7152511135002304,0.017482120706175785,0.5337760288571897,0.5337760288571897,12198.0,,,,,,,,,,1
RandomForest,Industrials,1,0.5127889818002951,0.5109697222298215,0.5643281284363316,0.5398316970546985,0.5911534326524344,0.014398315983480663,0.5337760288571897,0.5337760288571897,12198.0,,,,,,,,,,1
XGBoost,Industrials,1,0.514674536809313,0.5130388694173178,0.5739167986181085,0.5400243803331979,0.6123483335893104,0.015509825326237776,0.5337760288571897,0.5337760288571897,12198.0,,,,,,,,,,1
LSTM,Industrials,1,0.5330382029840958,0.5067727615305335,0.6769693980807131,0.5366432521323443,0.9202580248809706,0.018384842406878564,0.5337760288571897,0.5337760288571897,12198.0,0.0023922342123979252,0.0020534652823578276,0.019600564380499834,0.0024105927266032294,0.07565968962210017,0.00894155299886206,0.0,0.0,0.0,5
LogisticRegression,Industrials,2,0.49429401039908166,0.49010124494503055,0.6210979003288641,0.49853801169590645,0.823560982154837,-0.021037779898451403,0.5032750354514147,0.5032750354514147,14809.0,,,,,,,,,,1
RandomForest,Industrials,2,0.4928084273077183,0.48532218432902746,0.5647058823529412,0.4970414201183432,0.6536964980544747,-0.017444071766379188,0.5032750354514147,0.5032750354514147,14809.0,,,,,,,,,,1
XGBoost,Industrials,2,0.4899047876291444,0.48410659126356237,0.5785068630733177,0.49517623459738275,0.6955588353683081,-0.025157516566937033,0.5032750354514147,0.5032750354514147,14809.0,,,,,,,,,,1
LSTM,Industrials,2,0.503329056654737,0.4960880462644754,0.6387161617807278,0.5037471600877076,0.8743861532268886,0.004298441252172545,0.5032750354514147,0.5032750354514147,14809.0,0.0020913602629805544,0.003270415365828741,0.01591196018455659,0.0010075281449595632,0.05937289120478192,0.00832354953963046,0.0,0.0,0.0,5
LogisticRegression,Industrials,3,0.5157719977863863,0.5069058634874475,0.6543892564431717,0.5204177791738652,0.88125,0.0011896224838733524,0.5201992252351965,0.5201992252351965,14456.0,,,,,,,,,,1
RandomForest,Industrials,3,0.5049806308799114,0.5031170339302805,0.5663030303030303,0.5202672605790646,0.6212765957446809,0.0001743916592494584,0.5201992252351965,0.5201992252351965,14456.0,,,,,,,,,,1
XGBoost,Industrials,3,0.5061566131710017,0.4990132234840119,0.5920804525455688,0.5190862639014127,0.6889627659574468,-0.003327018849759637,0.5201992252351965,0.5201992252351965,14456.0,,,,,,,,,,1
LSTM,Industrials,3,0.5175290536801328,0.515652454661464,0.6401175114370603,0.5229742076439743,0.8259574468085106,0.01196075626052841,0.5201992252351965,0.5201992252351965,14456.0,0.0018423275237857788,0.0035578762250175417,0.012599546715303148,0.000812784760176748,0.04129951792790576,0.0032849665213708873,0.0,0.0,0.0,5
LogisticRegression,Industrials,4,0.5219319862000986,0.49589120223341937,0.6659122220035426,0.5260825623882454,0.9069829781530626,0.004783712707386114,0.525311553897064,0.525311553897064,14203.0,,,,,,,,,,1
RandomForest,Industrials,4,0.5028515102443146,0.4975981004516276,0.5656640216522113,0.522737608003638,0.6162712773086717,-0.006574322917424185,0.525311553897064,0.525311553897064,14203.0,,,,,,,,,,1
XGBoost,Industrials,4,0.5044708864324439,0.49836522606170697,0.5993852459016393,0.5209260908281389,0.7056694813027744,-0.013795384512743897,0.525311553897064,0.525311553897064,14203.0,,,,,,,,,,1
LSTM,Industrials,4,0.5174540590016193,0.5030957836281145,0.6449627843898169,0.525323138400055,0.842889693070634,3.601440189079097e-05,0.525311553897064,0.525311553897064,14203.0,0.007480229920340664,0.0025562064467002325,0.035832417039564704,0.002903536887841863,0.1125113203058799,0.010901673160755401,0.0,0.0,0.0,5
LogisticRegression,Industrials,5,0.5177021212349966,0.5080431254041357,0.6630807361704372,0.5207056485009111,0.9126143126723762,0.004260050206859693,0.5200422737223522,0.5200422737223522,13247.0,,,,,,,,,,1
RandomForest,Industrials,5,0.5152109911678115,0.5086347771161734,0.5804807943558924,0.5277348853783109,0.644941210625635,0.020332913580962366,0.5200422737223522,0.5200422737223522,13247.0,,,,,,,,,,1
XGBoost,Industrials,5,0.5124933947308825,0.5095967690786872,0.6156409951196287,0.5217391304347826,0.7507620844825084,0.005856580380210189,0.5200422737223522,0.5200422737223522,13247.0,,,,,,,,,,1
LSTM,Industrials,5,0.5151958934098286,0.510682152997167,0.6526015046575802,0.5201301372596427,0.8776600377413267,-0.0006653643195099711,0.5200422737223522,0.5200422737223522,13247.0,0.0026369261921560766,0.004287284491692527,0.015867246352778464,0.0017473092255174795,0.05688771620075848,0.009814401393492577,0.0,0.0,0.0,5
LogisticRegression,Consumer Cyclical,1,0.5076370170709793,0.5078143585233458,0.5978115825994129,0.5131729667812142,0.7158836689038032,0.00638205387328716,0.5111492281303602,0.5111492281303602,12243.0,,,,,,,,,,1
RandomForest,Consumer Cyclical,1,0.49693702523891203,0.49280373085691753,0.5571931842691782,0.506469742517318,0.619207414509428,-0.012083542402096838,0.5111492281303602,0.5111492281303602,12243.0,,,,,,,,,,1
XGBoost,Consumer Cyclical,1,0.5021645021645021,0.4967348994623556,0.5639888404034623,0.51055562750939,0.6299137104506232,-0.0015516859813398138,0.5111492281303602,0.5111492281303602,12243.0,,,,,,,,,,1
LSTM,Consumer Cyclical,1,0.5122600669770481,0.5047250650328816,0.6493758717087743,0.5132639227310409,0.8866410993927772,0.01272892657387691,0.5111492281303602,0.5111492281303602,12243.0,0.00197522162871083,0.0027856487677137935,0.01926976340273112,0.0006473160798029729,0.07043270257746186,0.004785217744181569,0.0,0.0,0.0,5
LogisticRegression,Consumer Cyclical,2,0.5135567402894136,0.5068131349316478,0.5868960610568528,0.5108083764917811,0.6896184830521356,0.028173928678852763,0.501066260472201,0.501066260472201,13130.0,,,,,,,,,,1
RandomForest,Consumer Cyclical,2,0.503046458492003,0.4986363613899515,0.5379222434671765,0.5035799522673031,0.5772913816689467,0.0058406082296894824,0.501066260472201,0.501066260472201,13130.0,,,,,,,,,,1
XGBoost,Consumer Cyclical,2,0.4993907083015994,0.4986739028389712,0.5501950318209813,0.5003734129947722,0.6110351117191063,-0.001739882128891737,0.501066260472201,0.501066260472201,13130.0,,,,,,,,,,1
LSTM,Consumer Cyclical,2,0.5121553693830921,0.511798855143581,0.6270444025278126,0.5082039248470557,0.8210062319501444,0.03024231339585299,0.501066260472201,0.501066260472201,13130.0,0.002720894222850474,0.0031666775321680376,0.018565735338304606,0.0018125084614344508,0.06457557026356577,0.007750836375561105,0.0,0.0,0.0,5
LogisticRegression,Consumer Cyclical,3,0.5110387547649301,0.5101935875084508,0.6112759643916914,0.5162631971846006,0.7491488703187867,0.010524579478163026,0.5131829733163914,0.5131829733163914,12592.0,,,,,,,,,,1
RandomForest,Consumer Cyclical,3,0.5042884371029225,0.5047567457991329,0.5475500144969556,0.514998636487592,0.5844939647168059,0.004290189220168811,0.5131829733163914,0.5131829733163914,12592.0,,,,,,,,,,1
XGBoost,Consumer Cyclical,3,0.5092916137229987,0.5034390789067774,0.5807152066227862,0.5170996978851964,0.6621788919839059,0.010849182382356567,0.5131829733163914,0.5131829733163914,12592.0,,,,,,,,,,1
LSTM,Consumer Cyclical,3,0.5110228716645489,0.5130360021670168,0.6024965622741192,0.516800429802706,0.725719591457753,0.011870988177799247,0.5131829733163914,0.5131829733163914,12592.0,0.002895890387700656,0.0034349913168862135,0.025666468375889262,0.0012399617192323743,0.0723841709296081,0.00421079142982751,0.0,0.0,0.0,5
LogisticRegression,Consumer Cyclical,4,0.5086757243411361,0.4938561146290296,0.6253978159126365,0.5184687015002587,0.7878930817610063,-0.008080533805905423,0.5205434604681617,0.5205434604681617,12218.0,,,,,,,,,,1
RandomForest,Consumer Cyclical,4,0.5028646259616959,0.4991479694488643,0.552196992037747,0.5198500832870627,0.5888364779874213,-0.0016636467332866662,0.5205434604681617,0.5205434604681617,12218.0,,,,,,,,,,1
XGBoost,Consumer Cyclical,4,0.5135046652479948,0.5051961141136885,0.5924859454271219,0.5252856795526379,0.6794025157232705,0.013626288494257732,0.5205434604681617,0.5205434604681617,12218.0,,,,,,,,,,1
LSTM,Consumer Cyclical,4,0.5083319692257324,0.49764796998567784,0.6155171886993749,0.5189900354798171,0.7573270440251572,-0.005462175655271151,0.5205434604681617,0.5205434604681617,12218.0,0.002651749391131372,0.0028032886118441232,0.014518157444467439,0.0009890028744229834,0.044763104369957646,0.0031626545426946266,0.0,0.0,0.0,5
LogisticRegression,Consumer Cyclical,5,0.5025272678903964,0.5046652570416245,0.6206896551724138,0.5038419319429198,0.8080985915492958,0.0006638222175367019,0.5036800567526825,0.5036800567526825,11277.0,,,,,,,,,,1
RandomForest,Consumer Cyclical,5,0.49906890130353815,0.5003500837974065,0.545571554983509,0.5022959561546437,0.5970070422535211,-0.0033809301209481103,0.5036800567526825,0.5036800567526825,11277.0,,,,,,,,,,1
XGBoost,Consumer Cyclical,5,0.4969406757116254,0.5004143158935748,0.579871139746723,0.5004473986961524,0.6892605633802817,-0.009730317823515253,0.5036800567526825,0.5036800567526825,11277.0,,,,,,,,,,1
LSTM,Consumer Cyclical,5,0.5028465017291832,0.5054884973589976,0.6048258994960352,0.5043520422530652,0.7562676056338028,0.002122637594228064,0.5036800567526825,0.5036800567526825,11277.0,0.003219686195944916,0.007118446758315369,0.01190111277522666,0.0022159280953613497,0.03834889367765826,0.0076782744853571665,0.0,0.0,0.0,5
LogisticRegression,Technology,1,0.5386254241300402,0.513432561420172,0.6720143602400853,0.5438532776466316,0.8792015264934684,0.032318023433888676,0.5375996212420106,0.5375996212420106,12673.0,,,,,,,,,,1
RandomForest,Technology,1,0.5159788526789237,0.5022528577919446,0.6132408575031526,0.5375262517961755,0.7137824746807574,-0.00023244224776083257,0.5375996212420106,0.5375996212420106,12673.0,,,,,,,,,,1
XGBoost,Technology,1,0.519845340487651,0.5049368327665089,0.619853813956394,0.5395910376332391,0.7281667400557758,0.0064930469798560346,0.5375996212420106,0.5375996212420106,12673.0,,,,,,,,,,1
LSTM,Technology,1,0.5376154028249033,0.5114887744720117,0.684943964023001,0.5404365776686524,0.9355056509613974,0.020212331333031276,0.5375996212420106,0.5375996212420106,12673.0,0.0023864915703418433,0.0033113362693978714,0.007611831870552798,0.0015127882056856937,0.031031636904913118,0.010238019483093014,0.0,0.0,0.0,5
LogisticRegression,Technology,2,0.4810942909510556,0.4920614262876396,0.6106356968215159,0.4814457831325301,0.8345864661654135,-0.02849956009426549,0.5124567239155522,0.48754327608444775,14731.0,,,,,,,,,,1
RandomForest,Technology,2,0.48747539203041207,0.49284534211258557,0.5793871866295265,0.48291233283803864,0.7240323029796714,-0.01527178362861745,0.5124567239155522,0.48754327608444775,14731.0,,,,,,,,,,1
XGBoost,Technology,2,0.48618559500373365,0.4924145171807811,0.6010226134626535,0.48358639409619136,0.7937900306321359,-0.015846562357485956,0.5124567239155522,0.48754327608444775,14731.0,,,,,,,,,,1
LSTM,Technology,2,0.48040187359989134,0.5002974772560845,0.6155984442773893,0.4814630025952849,0.8535505430242273,-0.031003519680069626,0.5124567239155522,0.4875432760844477,14731.0,0.0023052609167958944,0.003172786059177205,0.0046919994154715145,0.0011428965937076315,0.018285002022434865,0.007111896255436757,0.0,0.0,0.0,5
LogisticRegression,Technology,3,0.5163228519927899,0.5051093815173762,0.655410225921522,0.5245527217358203,0.8732572877059569,-0.01167831918229543,0.5267374324053675,0.5267374324053675,14979.0,,,,,,,,,,1
RandomForest,Technology,3,0.5037051872621671,0.4981850529417665,0.5807579517256937,0.5231660231660231,0.6525982256020278,-0.009900983717569931,0.5267374324053675,0.5267374324053675,14979.0,,,,,,,,,,1
XGBoost,Technology,3,0.5134521663662461,0.5020284555178491,0.6199812284909793,0.526665485471297,0.7534854245880862,-0.0002520000346605059,0.5267374324053675,0.5267374324053675,14979.0,,,,,,,,,,1
LSTM,Technology,3,0.520435276053141,0.5011240267459482,0.656693529506408,0.5270293538946667,0.8777186311787073,-0.0014528388891302292,0.5267374324053675,0.5267374324053675,14979.0,0.0037864236953466007,0.005434315094792036,0.029151944105557295,0.0018548179406910057,0.10545593084016147,0.009793121749226617,0.0,0.0,0.0,5
LogisticRegression,Technology,4,0.528122998078155,0.5091491230838285,0.6663949275362319,0.5306932121474428,0.8953389314835098,0.024259053375285458,0.5263933376040999,0.5263933376040999,15610.0,,,,,,,,,,1
RandomForest,Technology,4,0.5081998718770019,0.504344476842069,0.5805147259712584,0.5267750892502975,0.6464646464646465,0.0010328275244603482,0.5263933376040999,0.5263933376040999,15610.0,,,,,,,,,,1
XGBoost,Technology,4,0.5163997437540039,0.500931919373982,0.6241099437335059,0.5281476487443115,0.7626871120847024,0.006254992303987793,0.5263933376040999,0.5263933376040999,15610.0,,,,,,,,,,1
LSTM,Technology,4,0.5220499679692505,0.5044539087451709,0.65987585471517,0.5274456344826923,0.8823414871607642,0.007617776319032395,0.5263933376040999,0.5263933376040999,15610.0,0.005559231639915595,0.003273709906968446,0.015062604714039397,0.0019161960705763263,0.04933929849525305,0.01151026899212552,0.0,0.0,0.0,5
LogisticRegression,Technology,5,0.5218901153416843,0.5163134102827359,0.6595124536301007,0.5268839966130398,0.8813739376770539,0.008204217653009946,0.5253627682004217,0.5253627682004217,16126.0,,,,,,,,,,1
RandomForest,Technology,5,0.5032866178841622,0.49912244932075245,0.5805843543826579,0.5217391304347826,0.6543909348441926,-0.010086437255160407,0.5253627682004217,0.5253627682004217,16126.0,,,,,,,,,,1
XGBoost,Technology,5,0.5169911943445368,0.5046893740933722,0.6307655842616734,0.5270537906995167,0.7852927289896129,0.006428358094846404,0.5253627682004217,0.5253627682004217,16126.0,,,,,,,,,,1
LSTM,Technology,5,0.5201041795857622,0.5082816128284865,0.6344408273955022,0.5286877958906377,0.7953021718602455,0.013973927582208862,0.5253627682004217,0.5253627682004217,16126.0,0.005763982794983789,0.00395011517239733,0.02123888398230726,0.001892103789088183,0.062148689054992136,0.008143320552956489,0.0,0.0,0.0,5
LogisticRegression,Financial Services,1,0.5248678893378924,0.5232322810875074,0.6004443863547249,0.5501796407185628,0.6608170310701956,0.027072699513700095,0.5402548958657134,0.5402548958657134,12868.0,,,,,,,,,,1
RandomForest,Financial Services,1,0.5136773391358408,0.5167680403477609,0.5602866779089376,0.5476648351648352,0.5735040276179517,0.016970484019383707,0.5402548958657134,0.5402548958657134,12868.0,,,,,,,,,,1
XGBoost,Financial Services,1,0.5244016164128069,0.5240294624357421,0.5751770095793419,0.5558089616313389,0.5959436133486766,0.03662027381366764,0.5402548958657134,0.5402548958657134,12868.0,,,,,,,,,,1
LSTM,Financial Services,1,0.5275567298725521,0.513464347139197,0.6123196123967287,0.5488975415595405,0.7189873417721518,0.02525539334558443,0.5402548958657134,0.5402548958657134,12868.0,0.012816216277754328,0.006352936043573876,0.07733772042248133,0.005071789216622693,0.19184758476898855,0.006115648499545794,0.0,0.0,0.0,5
LogisticRegression,Financial Services,2,0.4941522467683469,0.5001923261564134,0.6150723430831685,0.49163823945419755,0.8212647671994441,-0.0019868309233189167,0.5078995964708296,0.4921004035291704,14621.0,,,,,,,,,,1
RandomForest,Financial Services,2,0.496067300458245,0.495842734250582,0.5773775381438568,0.49155190936614906,0.6995135510771369,-0.0016770607725994538,0.5078995964708296,0.4921004035291704,14621.0,,,,,,,,,,1
XGBoost,Financial Services,2,0.5005813555844334,0.501166281459111,0.5952776854007317,0.4950677606711533,0.7463516330785267,0.010062546435296374,0.5078995964708296,0.4921004035291704,14621.0,,,,,,,,,,1
LSTM,Financial Services,2,0.4955064633062034,0.5062240682072847,0.6053960880006359,0.4921145049432007,0.7865184155663656,0.00011238438986210572,0.5078995964708296,0.4921004035291704,14621.0,0.002534946932072346,0.002378246645480062,0.004683024387858259,0.001637135565767376,0.01317468760099278,0.006378519406164199,0.0,0.0,0.0,5
LogisticRegression,Financial Services,3,0.5086248701073779,0.4987620511332672,0.6121712504784297,0.5170884906706078,0.7501004957791773,0.00028149274167297157,0.5170072739868375,0.5170072739868375,14435.0,,,,,,,,,,1
RandomForest,Financial Services,3,0.5096640110841704,0.506175397403246,0.5559041284979295,0.5227138643067847,0.5935950690071017,0.01361773244552391,0.5170072739868375,0.5170072739868375,14435.0,,,,,,,,,,1
XGBoost,Financial Services,3,0.5060616556979564,0.5065716628886096,0.5642342011978976,0.5187099674120688,0.6185180222430658,0.004320066179856061,0.5170072739868375,0.5170072739868375,14435.0,,,,,,,,,,1
LSTM,Financial Services,3,0.5112435053688951,0.5088320299440137,0.6117022118086688,0.5187536525981362,0.7529411764705882,0.006955252520469112,0.5170072739868375,0.5170072739868375,14435.0,0.004940359818405273,0.004815531974843145,0.03909456991569554,0.0007398674717546003,0.10813592406233355,0.004313491359681251,0.0,0.0,0.0,5
LogisticRegression,Financial Services,4,0.5325798800055811,0.4965279006022131,0.6635870656758385,0.5481088254810883,0.8407124681933842,-0.0010991042874079796,0.548346588530766,0.548346588530766,14334.0,,,,,,,,,,1
RandomForest,Financial Services,4,0.5138133110087902,0.5021816960541323,0.5767899435234105,0.5517601951899617,0.6041984732824427,0.008409023507810805,0.548346588530766,0.548346588530766,14334.0,,,,,,,,,,1
XGBoost,Financial Services,4,0.5113715641132971,0.4986626875479998,0.594769729229345,0.5454159592529711,0.6539440203562341,-0.008158448121479782,0.548346588530766,0.548346588530766,14334.0,,,,,,,,,,1
LSTM,Financial Services,4,0.5185014650481372,0.49161666631293227,0.6278088840344729,0.544424641131857,0.7446055979643766,-0.013191430138724276,0.548346588530766,0.548346588530766,14334.0,0.013185839264420933,0.011481360899096849,0.02902271085116591,0.006787047443958417,0.07600099359350454,0.021908826250817887,0.0,0.0,0.0,5
LogisticRegression,Financial Services,5,0.5251636363636364,0.5015454934982552,0.6706018868876444,0.5338152610441768,0.9016415683082349,-0.01400868768566304,0.5360727272727273,0.5360727272727273,13750.0,,,,,,,,,,1
RandomForest,Financial Services,5,0.5112727272727273,0.49820242018601224,0.5868175110673881,0.5366018216574834,0.6474019807353141,0.0014356098793520582,0.5360727272727273,0.5360727272727273,13750.0,,,,,,,,,,1
XGBoost,Financial Services,5,0.5228363636363637,0.5047816220675081,0.64,0.5373134328358209,0.7912087912087912,0.004816455486178636,0.5360727272727273,0.5360727272727273,13750.0,,,,,,,,,,1
LSTM,Financial Services,5,0.5250036363636363,0.5066340960002453,0.6614073469028948,0.5352648220438737,0.8660425993759328,-0.005406485098903848,0.5360727272727273,0.5360727272727273,13750.0,0.0023201025910631165,0.007870431045544798,0.008098293059870884,0.0022689929161734262,0.03237374921181265,0.011660078205664207,0.0,0.0,0.0,5
LogisticRegression,Consumer Defensive,1,0.5349369988545246,0.5146518890857401,0.6451824339086738,0.5448339483394834,0.79084092126406,0.03800545902280385,0.5346506300114547,0.5346506300114547,6984.0,,,,,,,,,,1
RandomForest,Consumer Defensive,1,0.5007159221076747,0.49325540768818754,0.5736642621347353,0.5277840269966254,0.628280664167113,-0.018214693405282503,0.5346506300114547,0.5346506300114547,6984.0,,,,,,,,,,1
XGBoost,Consumer Defensive,1,0.5015750286368843,0.49238894153516544,0.5707238870390924,0.5289142857142857,0.6197107659346546,-0.014892327985517182,0.5346506300114547,0.5346506300114547,6984.0,,,,,,,,,,1
LSTM,Consumer Defensive,1,0.5264318442153494,0.5073126364797494,0.6289148584450621,0.5387340084996176,0.7826459560792716,0.023092646100067685,0.5346506300114547,0.5346506300114547,6984.0,0.018425392855488266,0.0015111858612674785,0.08244588835209989,0.004141110742634162,0.19891289110466825,0.01604768309967,0.0,0.0,0.0,5
LogisticRegression,Consumer Defensive,2,0.5084092951598408,0.49831803027981086,0.643050247040179,0.5140855567148607,0.8583872573419612,-0.008828205250590549,0.5158556939273334,0.5158556939273334,7789.0,,,,,,,,,,1
RandomForest,Consumer Defensive,2,0.5095647708306587,0.5072059384321864,0.5863114576564868,0.5189800613496932,0.6737182677949228,0.008901423636635692,0.5158556939273334,0.5158556939273334,7789.0,,,,,,,,,,1
XGBoost,Consumer Defensive,2,0.5086660675311336,0.5063885150078427,0.597623804016402,0.5173857636992536,0.7073170731707317,0.004735638737017672,0.5158556939273334,0.5158556939273334,7789.0,,,,,,,,,,1
LSTM,Consumer Defensive,2,0.520323533187829,0.51247515324503,0.6354303694542137,0.5226473156959289,0.810801393728223,0.02696575510075134,0.5158556939273334,0.5158556939273334,7789.0,0.002066977717036645,0.0043275885876146464,0.007264179765337486,0.0019122688820000348,0.027115020608943816,0.005487648459492506,0.0,0.0,0.0,5
LogisticRegression,Consumer Defensive,3,0.49676765115984284,0.4774432277430541,0.6499118165784833,0.4988493299038852,0.9322033898305084,-0.017094315502345466,0.5010774496133857,0.5010774496133857,7889.0,,,,,,,,,,1
RandomForest,Consumer Defensive,3,0.5050069717327925,0.5085421577005423,0.5714912761988368,0.5046511627906977,0.6587401973184923,0.009828195358320212,0.5010774496133857,0.5010774496133857,7889.0,,,,,,,,,,1
XGBoost,Consumer Defensive,3,0.5022182786157942,0.5016815660741353,0.5932677369238737,0.5022799017888461,0.7245130280799393,0.003883184552848692,0.5010774496133857,0.5010774496133857,7889.0,,,,,,,,,,1
LSTM,Consumer Defensive,3,0.5007478767904677,0.4983667467746016,0.6234901565279352,0.5011397407166462,0.8280293448014167,-9.78887784289055e-05,0.5010774496133857,0.5010774496133857,7889.0,0.0014497126079854028,0.004369204228302064,0.020467945675009966,0.0009544588495754747,0.06980191831398076,0.00396373282403349,0.0,0.0,0.0,5
LogisticRegression,Consumer Defensive,4,0.5121028744326778,0.5033464178821603,0.6575827287205804,0.5118457300275482,0.9193468579910935,0.014887612099443594,0.5095814422592032,0.5095814422592032,7932.0,,,,,,,,,,1
RandomForest,Consumer Defensive,4,0.5093292990418558,0.5064982529201736,0.561217587373168,0.5155343827671914,0.61578426521524,0.01485128618542832,0.5095814422592032,0.5095814422592032,7932.0,,,,,,,,,,1
XGBoost,Consumer Defensive,4,0.5121028744326778,0.5116895349473205,0.5836919104991394,0.5163684811572136,0.6712023750618505,0.01901646710047188,0.5095814422592032,0.5095814422592032,7932.0,,,,,,,,,,1
LSTM,Consumer Defensive,4,0.5081442259203227,0.49891901105233105,0.6354494620058075,0.5105049254304292,0.8426521523998021,0.005056979296238317,0.5095814422592032,0.5095814422592032,7932.0,0.0037574838750438194,0.002884321601260623,0.014203706468516356,0.0019532190108953983,0.04832995706579615,0.009684774057521035,0.0,0.0,0.0,5
LogisticRegression,Consumer Defensive,5,0.5026567481402763,0.5123187983829273,0.6353720296065446,0.5006907137375288,0.8691713296029843,0.01091469267790439,0.501461211477152,0.49853878852284805,7528.0,,,,,,,,,,1
RandomForest,Consumer Defensive,5,0.5065090329436769,0.5082502827759867,0.5553560742070617,0.5041286397218601,0.6181721289634958,0.01402065308687139,0.501461211477152,0.49853878852284805,7528.0,,,,,,,,,,1
XGBoost,Consumer Defensive,5,0.5018597236981934,0.5117511641900607,0.5685687988955361,0.5003037052034824,0.6584066080468958,0.004875392061472814,0.501461211477152,0.49853878852284805,7528.0,,,,,,,,,,1
LSTM,Consumer Defensive,5,0.49888416578108397,0.5056499647963748,0.6244167686879522,0.4983995521111013,0.842099653610445,-1.5967931782574775e-05,0.501461211477152,0.498538788522848,7528.0,0.0011829243815565185,0.0037668201193995763,0.03055837157432123,0.0009519265850506755,0.10151399429074069,0.003383919187164723,0.0,0.0,0.0,5
LogisticRegression,Utilities,1,0.5226447544429581,0.5114921312018068,0.5970967741935483,0.5431338028169014,0.6629656160458453,0.026287329372432378,0.5335371679724823,0.5335371679724823,5233.0,,,,,,,,,,1
RandomForest,Utilities,1,0.504299636919549,0.5026842655729661,0.5352920100322465,0.535483870967742,0.5351002865329513,0.004170126249282621,0.5335371679724823,0.5335371679724823,5233.0,,,,,,,,,,1
XGBoost,Utilities,1,0.49436269826103574,0.4917920370602964,0.5183836912995996,0.5270170244263509,0.5100286532951289,-0.013504014480921494,0.5335371679724823,0.5335371679724823,5233.0,,,,,,,,,,1
LSTM,Utilities,1,0.499216510605771,0.49693439968353437,0.36074053147082846,0.591156795940702,0.42399713467048705,0.013511977840434142,0.5335371679724823,0.5335371679724823,5233.0,0.032269485809054234,0.018999840280662986,0.3303078523795178,0.0914509973367069,0.4255119393462258,0.017250036570164287,0.0,0.0,0.0,5
LogisticRegression,Utilities,2,0.5107960038672252,0.5087906512044527,0.6203101550775387,0.5189370161121574,0.7709045694746658,0.0020791973937365218,0.5183693200128907,0.5183693200128907,6206.0,,,,,,,,,,1
RandomForest,Utilities,2,0.515630035449565,0.5170147238662788,0.5791094931391767,0.5268789808917197,0.6428349393845197,0.022340491544313456,0.5183693200128907,0.5183693200128907,6206.0,,,,,,,,,,1
XGBoost,Utilities,2,0.5191749919432807,0.5198719520013961,0.5869324473975637,0.5290741202894934,0.6589990674541498,0.02892004129329922,0.5183693200128907,0.5183693200128907,6206.0,,,,,,,,,,1
LSTM,Utilities,2,0.5184982275217532,0.5164377663701731,0.6095742035671577,0.525831886282663,0.7299968915138327,0.023688454060305734,0.5183693200128907,0.5183693200128907,6206.0,0.004944751990521575,0.009738355149122229,0.02725640834090826,0.004250686281882422,0.08904947550403562,0.010617187362417254,0.0,0.0,0.0,5
LogisticRegression,Utilities,3,0.5056051990251827,0.5028603177868073,0.6205262501558798,0.5054855749695246,0.8033580884727155,0.009260459645233442,0.5031681559707555,0.5031681559707555,6155.0,,,,,,,,,,1
RandomForest,Utilities,3,0.4939073923639318,0.4952104010864751,0.5414397173561019,0.49756493506493504,0.5938004520503714,-0.013739254735387521,0.5031681559707555,0.5031681559707555,6155.0,,,,,,,,,,1
XGBoost,Utilities,3,0.4916328188464663,0.49495598284632925,0.5446077717944986,0.49576046634870163,0.6041330319664191,-0.0186527445086442,0.5031681559707555,0.5031681559707555,6155.0,,,,,,,,,,1
LSTM,Utilities,3,0.4910154346060113,0.4884544485232549,0.5714902044443347,0.49576342175595595,0.6751695188892477,-0.02197168489379404,0.5031681559707555,0.5031681559707555,6155.0,0.0007480659257983216,0.005151754863768642,0.01078422650953615,0.00042824035115310863,0.03062126755226282,0.0025072027363911955,0.0,0.0,0.0,5
LogisticRegression,Utilities,4,0.48515165952040656,0.45544904349827176,0.5952559300873907,0.5114782235571765,0.7118542848611525,-0.06887916430159129,0.5318405589963474,0.5318405589963474,6297.0,,,,,,,,,,1
RandomForest,Utilities,4,0.4997617913292044,0.5002538780080974,0.535535240342082,0.5289833964462569,0.542251418333831,-0.0062689921188713565,0.5318405589963474,0.5318405589963474,6297.0,,,,,,,,,,1
XGBoost,Utilities,4,0.49563284103541366,0.4873468679566958,0.5273809523809524,0.525660041530703,0.5291131681098835,-0.013294727293605854,0.5318405589963474,0.5318405589963474,6297.0,,,,,,,,,,1
LSTM,Utilities,4,0.4973797046212482,0.48066692380276743,0.580621810921466,0.5211273321345677,0.6606748283069572,-0.028952049849974133,0.5318405589963474,0.5318405589963474,6297.0,0.011631913658713694,0.004816725107542836,0.039797302517983434,0.005412499273966242,0.0960222771733615,0.011863446793968049,0.0,0.0,0.0,5
LogisticRegression,Utilities,5,0.526478149100257,0.4771500882644045,0.668982868096322,0.5370263512213888,0.8869123252858958,-0.014206440875866602,0.539502999143102,0.539502999143102,5835.0,,,,,,,,,,1
RandomForest,Utilities,5,0.506426735218509,0.493040991285161,0.5728270542865619,0.5372843628269338,0.613405336721728,-0.005636946214604938,0.539502999143102,0.539502999143102,5835.0,,,,,,,,,,1
XGBoost,Utilities,5,0.5031705227077977,0.49105527862752985,0.5806451612903226,0.5330677290836653,0.6375476493011436,-0.01741220452929883,0.539502999143102,0.539502999143102,5835.0,,,,,,,,,,1
LSTM,Utilities,5,0.4963496143958869,0.4818010998411572,0.5761377854124996,0.527089316203462,0.6403430749682337,-0.03425546544878931,0.539502999143102,0.539502999143102,5835.0,0.008548733578478336,0.00515561664089967,0.03723171345051351,0.0030336449038394896,0.09181239879510662,0.004499205575980604,0.0,0.0,0.0,5
LogisticRegression,Basic Materials,1,0.4949974987493747,0.48958276882934415,0.5806853582554518,0.5149171270718232,0.6657142857142857,-0.030137574040589355,0.5252626313156579,0.5252626313156579,3998.0,,,,,,,,,,1
RandomForest,Basic Materials,1,0.5032516258129065,0.4990681920818907,0.5574866310160428,0.5238693467336684,0.5957142857142858,-0.0033980447413887046,0.5252626313156579,0.5252626313156579,3998.0,,,,,,,,,,1
XGBoost,Basic Materials,1,0.5030015007503752,0.49887626072557584,0.5509604519774012,0.5243010752688172,0.5804761904761905,-0.00226998584894898,0.5252626313156579,0.5252626313156579,3998.0,,,,,,,,,,1
LSTM,Basic Materials,1,0.4973986993496748,0.49900880626223093,0.3856631963159564,0.39999329628965274,0.5156190476190476,-0.014036792522683122,0.5252626313156579,0.5252626313156579,3998.0,0.02486801688231476,0.019656176278219143,0.35352914402444197,0.22654281801011486,0.4971078942276026,0.012453093068398462,0.0,0.0,0.0,5
LogisticRegression,Basic Materials,2,0.49892380542402065,0.49791667632757053,0.6082127229888926,0.489569222432945,0.802754331408263,0.019930151326207138,0.5154972018941024,0.4845027981058975,4646.0,,,,,,,,,,1
RandomForest,Basic Materials,2,0.4959104606112785,0.5020967716505491,0.5508247027234369,0.48464394195072563,0.6379386939138161,0.0003747351317517876,0.5154972018941024,0.4845027981058975,4646.0,,,,,,,,,,1
XGBoost,Basic Materials,2,0.4954799827808868,0.501480019550578,0.5499231950844854,0.4842746026378086,0.6361617059084851,-0.0006041663762224096,0.5154972018941024,0.4845027981058975,4646.0,,,,,,,,,,1
LSTM,Basic Materials,2,0.4965131295738269,0.5026071270574247,0.6197267410651792,0.48922059286114095,0.8540204353620613,0.01947039236010458,0.5154972018941024,0.4845027981058975,4646.0,0.009282014447637207,0.008073870009145558,0.027956288353584106,0.003977572383976321,0.11446522064480251,0.01233504805222408,0.0,0.0,0.0,5
LogisticRegression,Basic Materials,3,0.4972174657534247,0.4978599376926482,0.5353115727002967,0.5052277819268111,0.5692048801009676,-0.008224534863451994,0.5087756849315068,0.5087756849315068,4672.0,,,,,,,,,,1
RandomForest,Basic Materials,3,0.4993578767123288,0.49176815212599323,0.5225556235966524,0.507533703409992,0.5384938998737905,-0.0026907004032430664,0.5087756849315068,0.5087756849315068,4672.0,,,,,,,,,,1
XGBoost,Basic Materials,3,0.5042808219178082,0.4999171435039682,0.5298416565164433,0.5119654766575128,0.5490113588557005,0.006991480426835652,0.5087756849315068,0.5087756849315068,4672.0,,,,,,,,,,1
LSTM,Basic Materials,3,0.501583904109589,0.5014146463521603,0.5542000872354412,0.508300925683731,0.6165755153554902,-0.0010239607798765145,0.5087756849315068,0.5087756849315068,4672.0,0.0038515504252656057,0.005356503027666043,0.04200100354233429,0.002939597889686025,0.1048495608740569,0.006311637641038391,0.0,0.0,0.0,5
LogisticRegression,Basic Materials,4,0.4854180168502916,0.49363746784662266,0.541923076923077,0.4923130677847659,0.6026518391787853,-0.03248948883843092,0.5050766904298984,0.5050766904298984,4629.0,,,,,,,,,,1
RandomForest,Basic Materials,4,0.49902786779001945,0.5004563735284311,0.5306618093503339,0.5036496350364964,0.5607356715141146,-0.003235270349736384,0.5050766904298984,0.5050766904298984,4629.0,,,,,,,,,,1
XGBoost,Basic Materials,4,0.49557139771008857,0.49161034419282656,0.5327196317790674,0.5005641218503196,0.56928999144568,-0.010485816503188397,0.5050766904298984,0.5050766904298984,4629.0,,,,,,,,,,1
LSTM,Basic Materials,4,0.5009289263339815,0.4971561646925019,0.6073468803715649,0.5040053008808052,0.7709153122326775,-0.005731793936639735,0.5050766904298984,0.5050766904298984,4629.0,0.0037709349985905814,0.003949719581667016,0.03127347263033495,0.0026533109945893175,0.10526837110197124,0.010910966414849213,0.0,0.0,0.0,5
LogisticRegression,Basic Materials,5,0.5133299798792756,0.5143652149232398,0.5939139559286464,0.5242682474990737,0.6848983543078412,0.013532375155143942,0.5196177062374245,0.5196177062374245,3976.0,,,,,,,,,,1
RandomForest,Basic Materials,5,0.49346076458752514,0.49753450276985145,0.5283372365339578,0.5117967332123412,0.5459825750242013,-0.017458191693974338,0.5196177062374245,0.5196177062374245,3976.0,,,,,,,,,,1
XGBoost,Basic Materials,5,0.49899396378269617,0.4977543423059964,0.5416474919466175,0.5162280701754386,0.5696999031945789,-0.007866328966837045,0.5196177062374245,0.5196177062374245,3976.0,,,,,,,,,,1
LSTM,Basic Materials,5,0.5179074446680081,0.5214019300264061,0.5909596337324439,0.5281999272800377,0.6857696030977735,0.025030669404828093,0.5196177062374245,0.5196177062374245,3976.0,0.008724138184578983,0.008731953926981298,0.05458628786527567,0.005426237307153894,0.1521930084671641,0.015935542196574712,0.0,0.0,0.0,5
LogisticRegression,Real Estate,1,0.4838377599341157,0.5001816381808601,0.45653587686971603,0.5470129870129871,0.39174107142857145,-0.010455804699438296,0.5534280420012353,0.44657195799876465,4857.0,,,,,,,,,,1
RandomForest,Real Estate,1,0.5052501544163064,0.5091603787953632,0.5042294202599547,0.5660027790643817,0.45461309523809523,0.022627051041840544,0.5534280420012353,0.44657195799876465,4857.0,,,,,,,,,,1
XGBoost,Real Estate,1,0.5001029442042413,0.5108418612373488,0.4920502092050209,0.5621414913957935,0.4375,0.015245689862239464,0.5534280420012353,0.44657195799876465,4857.0,,,,,,,,,,1
LSTM,Real Estate,1,0.45530162651842704,0.5051917989417989,0.2132139854779187,0.5882065608018802,0.14613095238095236,-0.016046328984926028,0.5534280420012353,0.44657195799876465,4857.0,0.006545826849556281,0.003493056388240521,0.13574721186451189,0.13721087014683417,0.09815134561090343,0.021214905402109373,0.0,0.0,0.0,5
LogisticRegression,Real Estate,2,0.48465346534653464,0.5107732422620519,0.6395013274847051,0.48157162726008346,0.9515630367571282,0.010453906508382401,0.5196369636963696,0.48036303630363036,6060.0,,,,,,,,,,1
RandomForest,Real Estate,2,0.4966996699669967,0.5001355443849771,0.5769764216366158,0.483833449639451,0.7145310889728615,0.010853015899573137,0.5196369636963696,0.48036303630363036,6060.0,,,,,,,,,,1
XGBoost,Real Estate,2,0.4909240924092409,0.49576610613654437,0.584847261472211,0.48075221238938054,0.7464788732394366,0.0013345049647485588,0.5196369636963696,0.48036303630363036,6060.0,,,,,,,,,,1
LSTM,Real Estate,2,0.48217821782178216,0.5093986421998051,0.6413154764370711,0.4805521939539818,0.9637925111645483,0.00273035764553708,0.5196369636963696,0.4803630363036303,6060.0,0.0014713328795484407,0.004848490445051277,0.0036559658697503015,0.0009365245043561029,0.013190180155990331,0.008674857422845985,0.0,0.0,0.0,5
LogisticRegression,Real Estate,3,0.4992002559181062,0.4839842851971493,0.6027153914477859,0.508130081300813,0.7405675085749922,-0.016616271092657224,0.5129558541266794,0.5129558541266794,6252.0,,,,,,,,,,1
RandomForest,Real Estate,3,0.4883237364043506,0.47723248046785993,0.5401753629437976,0.5010666666666667,0.5859058309946991,-0.029120578402689928,0.5129558541266794,0.5129558541266794,6252.0,,,,,,,,,,1
XGBoost,Real Estate,3,0.4891234804862444,0.48179311164053595,0.5484874187164264,0.5016808895784847,0.6049267227938884,-0.028723272620347295,0.5129558541266794,0.5129558541266794,6252.0,,,,,,,,,,1
LSTM,Real Estate,3,0.5103966730646193,0.4876010451275765,0.6620533848879544,0.5124701514699367,0.9352042407234176,-0.003538200091676499,0.5129558541266794,0.5129558541266794,6252.0,0.0016851653475452252,0.011512095576747584,0.005634717250498787,0.0007830176441361361,0.02175072333731755,0.006137761759313682,0.0,0.0,0.0,5
LogisticRegression,Real Estate,4,0.5041626641050272,0.49437041584439445,0.6243784111582777,0.5150060024009604,0.7927317523868186,-0.01941376968461528,0.5198527057316683,0.5198527057316683,6246.0,,,,,,,,,,1
RandomForest,Real Estate,4,0.5003202049311559,0.49078560526232284,0.5390636538177522,0.5178774120317821,0.5620572836464429,-0.004498608201762918,0.5198527057316683,0.5198527057316683,6246.0,,,,,,,,,,1
XGBoost,Real Estate,4,0.48687159782260647,0.48148166214526084,0.5399741639156022,0.5056451612903226,0.5793039728980598,-0.03451011628819499,0.5198527057316683,0.5198527057316683,6246.0,,,,,,,,,,1
LSTM,Real Estate,4,0.5100224143451809,0.5065506282609551,0.6160977440723132,0.5196989638504591,0.7571912534647367,-0.00034598456917821565,0.5198527057316683,0.5198527057316683,6246.0,0.0049986851208237365,0.0039877998489904875,0.0129137316542736,0.0030426797076802243,0.03685606223156416,0.01023122477783605,0.0,0.0,0.0,5
LogisticRegression,Real Estate,5,0.5066448206808666,0.5020729616716973,0.6387629965342575,0.5108742004264393,0.8520625889046942,-0.005076905966884858,0.5119242672492262,0.5119242672492262,5493.0,,,,,,,,,,1
RandomForest,Real Estate,5,0.4997269251774986,0.49548041828514544,0.534395120298204,0.5103559870550162,0.5608108108108109,-0.003557783740105468,0.5119242672492262,0.5119242672492262,5493.0,,,,,,,,,,1
XGBoost,Real Estate,5,0.4966320771891498,0.49499726222620277,0.5493072534637327,0.5070719229611796,0.5992176386913229,-0.012012694855171592,0.5119242672492262,0.5119242672492262,5493.0,,,,,,,,,,1
LSTM,Real Estate,5,0.5111232477698889,0.5172135803130719,0.6296085026878335,0.5146655508862257,0.8190611664295876,0.007682591757798186,0.5119242672492262,0.5119242672492262,5493.0,0.0040084060278967075,0.00824303829519389,0.03130112181868511,0.005049792319791633,0.10630128728916713,0.014212613041925566,0.0,0.0,0.0,5
LogisticRegression,Energy,1,0.47608083908928117,0.48177153283021684,0.16815597075548336,0.5390625,0.09961501443695861,0.004940060139194991,0.5315937579943719,0.468406242005628,3909.0,,,,,,,,,,1
RandomForest,Energy,1,0.4878485546175492,0.5065401288576746,0.3798017348203222,0.5330434782608696,0.29499518768046196,0.0018756681626565176,0.5315937579943719,0.468406242005628,3909.0,,,,,,,,,,1
XGBoost,Energy,1,0.48017395753389613,0.49767111068124675,0.37783221065523576,0.5193602693602694,0.29692011549566893,-0.016199178796726606,0.5315937579943719,0.468406242005628,3909.0,,,,,,,,,,1
LSTM,Energy,1,0.4790995139421847,0.4787486549947987,0.21025449698234225,0.4096108214111031,0.22078922040423485,-0.003587915529665502,0.5315937579943719,0.468406242005628,3909.0,0.015186741580333656,0.02293014801511855,0.2925959027316149,0.42139847994073004,0.32403574133916163,0.018260715662153666,0.0,0.0,0.0,5
LogisticRegression,Energy,2,0.49688846337960746,0.4841398816738598,0.559698366149979,0.5253637436099096,0.5988346033168983,-0.02156002043568135,0.5339875538535185,0.5339875538535185,4178.0,,,,,,,,,,1
RandomForest,Energy,2,0.49569171852561034,0.4754929891336002,0.5353914002205071,0.5269097222222222,0.5441506051098163,-0.015732304593089042,0.5339875538535185,0.5339875538535185,4178.0,,,,,,,,,,1
XGBoost,Energy,2,0.5067017711823839,0.49819200291360677,0.5406730554936483,0.537677304964539,0.5437023756163155,0.008013562028706352,0.5339875538535185,0.5339875538535185,4178.0,,,,,,,,,,1
LSTM,Energy,2,0.5036381043561513,0.5036258243727723,0.5285552330169588,0.5359707957236038,0.5227252353204841,0.00449968613373784,0.5339875538535185,0.5339875538535185,4178.0,0.005647317109240637,0.005801767075191965,0.024957367532554998,0.0028371891048719396,0.04422891893319465,0.006014629122804319,0.0,0.0,0.0,5
LogisticRegression,Energy,3,0.4686320754716981,0.46464988978504135,0.598610368786745,0.48109965635738833,0.7920792079207921,-0.082693599844415,0.5002358490566038,0.5002358490566038,4240.0,,,,,,,,,,1
RandomForest,Energy,3,0.5028301886792453,0.4977002486873106,0.5224286361576801,0.5028347143480157,0.5436115040075437,0.005640698209948723,0.5002358490566038,0.5002358490566038,4240.0,,,,,,,,,,1
XGBoost,Energy,3,0.4995283018867924,0.49882665068232707,0.5342405618964003,0.4997946611909651,0.5737859500235738,-0.0010248598577719703,0.5002358490566038,0.5002358490566038,4240.0,,,,,,,,,,1
LSTM,Energy,3,0.4995754716981132,0.498966825152818,0.6174886807684482,0.5000442469707279,0.818010372465818,-0.003341500005377559,0.5002358490566038,0.5002358490566038,4240.0,0.007308276907476546,0.012486224920580168,0.03835993709439735,0.005178807079887023,0.13147791726341745,0.017521383653479005,0.0,0.0,0.0,5
LogisticRegression,Energy,4,0.522109626900046,0.4710540943955258,0.6571947794482075,0.534965034965035,0.8518201284796574,-0.01373590828566352,0.537770612620912,0.537770612620912,4342.0,,,,,,,,,,1
RandomForest,Energy,4,0.507830492860433,0.5128171314745287,0.5415146964170778,0.5425623387790198,0.5404710920770878,0.010323436062971451,0.537770612620912,0.537770612620912,4342.0,,,,,,,,,,1
XGBoost,Energy,4,0.5050667894979273,0.5047290585733658,0.5361536801208721,0.5404699738903395,0.5319057815845825,0.005740745171224508,0.537770612620912,0.537770612620912,4342.0,,,,,,,,,,1
LSTM,Energy,4,0.5266236757254721,0.49253473655908814,0.6614938627870149,0.5367890032295843,0.8745182012847966,-0.008395197067594486,0.537770612620912,0.537770612620912,4342.0,0.010411885374929541,0.0028588719094196718,0.04592723288282713,0.0012017388934276007,0.14267478107440543,0.006582374541305338,0.0,0.0,0.0,5
LogisticRegression,Energy,5,0.5225446428571429,0.5042148068570524,0.6769370185772542,0.5238429172510519,0.9564660691421255,0.007848656310909542,0.5229910714285714,0.5229910714285714,4480.0,,,,,,,,,,1
RandomForest,Energy,5,0.515625,0.5077373815930566,0.5575040783034257,0.5337758688012495,0.5834400341442595,0.024944160965581337,0.5229910714285714,0.5229910714285714,4480.0,,,,,,,,,,1
XGBoost,Energy,5,0.48995535714285715,0.4847575120466564,0.5441851186914024,0.5108614232209738,0.5821596244131455,-0.0294953909675548,0.5229910714285714,0.5229910714285714,4480.0,,,,,,,,,,1
LSTM,Energy,5,0.5221428571428571,0.5070895274227575,0.6838529068123527,0.5228270988159341,0.9882202304737516,-0.0016260060072381406,0.5229910714285714,0.5229910714285714,4480.0,0.0015971914124998288,0.01507672153261988,0.0017519340622312966,0.0007383255328054422,0.004843793754711435,0.013181007878289295,0.0,0.0,0.0,5
LogisticRegression,Communication Services,1,0.5022593764121103,0.5117780304626911,0.6373662551440329,0.5045608548345061,0.8650580875781948,-0.005552130283732252,0.5056484410302756,0.5056484410302756,4426.0,,,,,,,,,,1
RandomForest,Communication Services,1,0.5203343877089923,0.5194514967496768,0.5766699900299103,0.5207057976233346,0.646112600536193,0.03908265485472817,0.5056484410302756,0.5056484410302756,4426.0,,,,,,,,,,1
XGBoost,Communication Services,1,0.5135562584726615,0.5173617407812212,0.5624872993294046,0.5158404770778979,0.6184092940125112,0.025291832879583198,0.5056484410302756,0.5056484410302756,4426.0,,,,,,,,,,1
LSTM,Communication Services,1,0.5079530049706281,0.502133050043049,0.6628833313664392,0.5071145381935273,0.9570151921358356,0.015743321812394958,0.5056484410302756,0.5056484410302756,4426.0,0.001959284535804679,0.00412666055889638,0.006031292162107846,0.0009066588437351139,0.022447024556183973,0.011297579471362817,0.0,0.0,0.0,5
LogisticRegression,Communication Services,2,0.49505991170906033,0.49550799776090304,0.5872852233676976,0.48358800226372384,0.747594050743657,0.01031942520895257,0.5194450283792307,0.4805549716207694,4757.0,,,,,,,,,,1
RandomForest,Communication Services,2,0.4874921168803868,0.4920906664287361,0.5488527017024426,0.47562540089801153,0.6487314085739283,-0.013608690778337842,0.5194450283792307,0.4805549716207694,4757.0,,,,,,,,,,1
XGBoost,Communication Services,2,0.50977506832037,0.5121962445912391,0.5588346575860764,0.49233333333333335,0.6461067366579177,0.03080479334353649,0.5194450283792307,0.4805549716207694,4757.0,,,,,,,,,,1
LSTM,Communication Services,2,0.4901828883750262,0.5069105207458133,0.6062267485193527,0.48283329542383013,0.8285214348206473,0.0051852838053658675,0.5194450283792307,0.48055497162076943,4757.0,0.01171983039104852,0.004872603713893519,0.03867520978284045,0.0052378704054684925,0.14105932879435137,0.01882203287424801,0.0,0.0,0.0,5
LogisticRegression,Communication Services,3,0.5014938113529663,0.49939942403032955,0.551975450709628,0.5113717128642502,0.5995833333333334,-0.001943082851056599,0.5121638924455826,0.5121638924455826,4686.0,,,,,,,,,,1
RandomForest,Communication Services,3,0.5042680324370465,0.5042252661125692,0.520140466845693,0.5157722244981565,0.5245833333333333,0.0075273266642388766,0.5121638924455826,0.5121638924455826,4686.0,,,,,,,,,,1
XGBoost,Communication Services,3,0.5117370892018779,0.5066804279673374,0.5185185185185185,0.5238095238095238,0.5133333333333333,0.02338782426230645,0.5121638924455826,0.5121638924455826,4686.0,,,,,,,,,,1
LSTM,Communication Services,3,0.5066154502774222,0.5062229877515311,0.5119567294231321,0.5188422904580179,0.5105000000000001,0.013202523171824165,0.5121638924455826,0.5121638924455826,4686.0,0.003567702410862252,0.003037895191698638,0.04085355491854107,0.003784097332794528,0.07992911355973142,0.006506097106562392,0.0,0.0,0.0,5
LogisticRegression,Communication Services,4,0.519888196086863,0.5044218818237483,0.6162570888468809,0.5407117008443908,0.7163403915301638,0.008054560278101983,0.5381638357342508,0.5381638357342508,4651.0,,,,,,,,,,1
RandomForest,Communication Services,4,0.5112878950763277,0.5084728865398765,0.5373498880521067,0.5477178423236515,0.5273671594087096,0.019873387729148904,0.5381638357342508,0.5381638357342508,4651.0,,,,,,,,,,1
XGBoost,Communication Services,4,0.498602451085788,0.4900721554990622,0.5248573757131214,0.5355509355509356,0.5145825009988014,-0.005423432757655379,0.5381638357342508,0.5381638357342508,4651.0,,,,,,,,,,1
LSTM,Communication Services,4,0.5104708664803268,0.5119452746090166,0.5483582643313454,0.5441865361031271,0.5563723531761886,0.01351419170634328,0.5381638357342508,0.5381638357342508,4651.0,0.006691882555424291,0.00210643356336661,0.035496186126941845,0.0019846616920312856,0.07246514723728652,0.004726015591749773,0.0,0.0,0.0,5
LogisticRegression,Communication Services,5,0.5178376012256511,0.5095844168305906,0.6428918787485817,0.5226673695308381,0.8349473684210527,0.012665741208408852,0.5198073976800175,0.5198073976800175,4569.0,,,,,,,,,,1
RandomForest,Communication Services,5,0.505581089954038,0.509017032097107,0.5504477611940298,0.5218867924528302,0.5823157894736842,0.004890952408859761,0.5198073976800175,0.5198073976800175,4569.0,,,,,,,,,,1
XGBoost,Communication Services,5,0.5149923396804552,0.5131124118409058,0.5736821854559446,0.5281615302869288,0.6277894736842106,0.021262078805283458,0.5198073976800175,0.5198073976800175,4569.0,,,,,,,,,,1
LSTM,Communication Services,5,0.5121033048807179,0.5091816725039582,0.569418792396286,0.5258751073375623,0.6256842105263158,0.01551834869258025,0.5198073976800175,0.5198073976800175,4569.0,0.003962023641304296,0.004566777809594,0.03409444803873361,0.0018144482634594899,0.08330992099556983,0.004268756214828974,0.0,0.0,0.0,5
