model,Sector,seed,accuracy,auc,f1,precision,recall,mcc,baseline_test,baseline_train,train_major,n
LogisticRegression,Healthcare,0,0.5084361378733534,0.5012974613488791,0.6286512758201701,0.5133349208239076,0.8107879395724942,0.0006371159760538733,0.5131809627973558,0.5131809627973558,0.5143267321304498,62173
RandomForest,Healthcare,0,0.5039647435381919,0.5021462569706846,0.5532247783508142,0.5143580626043855,0.598445433460791,0.0028667999819934884,0.5131809627973558,0.5131809627973558,0.5143267321304498,62173
XGBoost,Healthcare,0,0.5011821851929295,0.4970680768155207,0.5655529873222666,0.5113098102788824,0.6326709709772457,-0.004937620298935196,0.5131809627973558,0.5131809627973558,0.5143267321304498,62173
LSTM,Healthcare,0,0.5072619947565663,0.4998421547340643,0.6230419963331651,0.512874014950469,0.7934871184103304,-0.0012055126005577372,0.5131809627973558,0.5131809627973558,0.5143267321304498,62173
LSTM,Healthcare,1,0.5071654898428578,0.5012777787128518,0.5992597533383032,0.5141959376052071,0.7180467623644455,0.0032292832430685743,0.5131809627973558,0.5131809627973558,0.5143267321304498,62173
LSTM,Healthcare,2,0.5109291814774902,0.49888359715666325,0.6429468888340907,0.5140737958877101,0.8580517770952172,0.004365135135926971,0.5131809627973558,0.5131809627973558,0.5143267321304498,62173
LSTM,Healthcare,3,0.5027584321168352,0.4981314532964023,0.608665932480158,0.5105217335909795,0.7535259825738105,-0.0094018698470999,0.5131809627973558,0.5131809627973558,0.5143267321304498,62173
LSTM,Healthcare,4,0.5050745500458398,0.5031106056906338,0.5954856774770274,0.5128501234064715,0.7098664827932051,-0.0010365030746483424,0.5131809627973558,0.5131809627973558,0.5143267321304498,62173
LogisticRegression,Industrials,0,0.5138943305327006,0.49980962799967404,0.6453293241998497,0.5199174300970708,0.8504772004241782,-0.0003416747800661491,0.5199889716018748,0.5199889716018748,0.5184423621972719,68913
RandomForest,Industrials,0,0.5052747667348686,0.49999605560499727,0.5682298856397462,0.5201845711503235,0.626053468772674,0.000506323178402309,0.5199889716018748,0.5199889716018748,0.5184423621972719,68913
XGBoost,Industrials,0,0.5050425899322334,0.4992563374920572,0.5924217620418942,0.5180239483417968,0.6917731763129988,-0.005928849453301838,0.5199889716018748,0.5199889716018748,0.5184423621972719,68913
LSTM,Industrials,0,0.5173044273214052,0.5054119714692288,0.6522611804553723,0.521479673709548,0.8705977563208126,0.00765504703565119,0.5199889716018748,0.5199889716018748,0.5184423621972719,68913
LSTM,Industrials,1,0.5168255626659701,0.5054362351297299,0.6415244657372019,0.5222344919458028,0.8314449963721605,0.009857050705522225,0.5199889716018748,0.5199889716018748,0.5184423621972719,68913
LSTM,Industrials,2,0.5179429135286521,0.5022644328382729,0.6649182973572726,0.5206457523773418,0.9197968409890048,0.004417279874594235,0.5199889716018748,0.5199889716018748,0.5184423621972719,68913
LSTM,Industrials,3,0.5174205157227229,0.5036268891321534,0.6553353784926623,0.5212516899132786,0.8822905620360552,0.006849356869690789,0.5199889716018748,0.5199889716018748,0.5184423621972719,68913
LSTM,Industrials,4,0.5143006399373122,0.5015229840170988,0.6396511815686063,0.5207095405864928,0.8290171345649383,0.0031630463902995796,0.5199889716018748,0.5199889716018748,0.5184423621972719,68913
LogisticRegression,Consumer Cyclical,0,0.508867556134071,0.5048984232489548,0.6085106934879317,0.512608163622061,0.7485561121924759,0.0092199951588707,0.5099088838268793,0.5099088838268793,0.5110620198514567,61460
RandomForest,Consumer Cyclical,0,0.5013179303612105,0.4990876995232157,0.5480898246855693,0.5094567183816676,0.5930629566993203,-0.0010931333764494786,0.5099088838268793,0.5099088838268793,0.5110620198514567,61460
XGBoost,Consumer Cyclical,0,0.5043280182232346,0.5005172798165305,0.5734408692486488,0.5109159410164924,0.6534031079485625,0.002758124472726676,0.5099088838268793,0.5099088838268793,0.5110620198514567,61460
LSTM,Consumer Cyclical,0,0.5111129189716889,0.5078377231828011,0.6327894897647418,0.5127956265103197,0.8260952806407352,0.01238586588055867,0.5099088838268793,0.5099088838268793,0.5110620198514567,61460
LSTM,Consumer Cyclical,1,0.5092905955092744,0.5053744116795869,0.6207416908741087,0.5122452368104271,0.787549060276333,0.00890286592658024,0.5099088838268793,0.5099088838268793,0.5110620198514567,61460
LSTM,Consumer Cyclical,2,0.510380735437683,0.5043998835931979,0.6271404852179516,0.5126298944639132,0.8075241711605348,0.010997573594044702,0.5099088838268793,0.5099088838268793,0.5110620198514567,61460
LSTM,Consumer Cyclical,3,0.5070777741620566,0.5042522526533983,0.6134806517051762,0.5110969387755102,0.7671591307954945,0.004292426324565024,0.5099088838268793,0.5099088838268793,0.5110620198514567,61460
LSTM,Consumer Cyclical,4,0.5095183859420761,0.5087994430208107,0.6126566013491809,0.512842576259519,0.7607134879862153,0.010340036000244704,0.5099088838268793,0.5099088838268793,0.5110620198514567,61460
LogisticRegression,Technology,0,0.5168310419730433,0.5047166658049578,0.6530113944655453,0.521366463471238,0.8735936122777,0.004875688214189364,0.5204333571688771,0.5204333571688771,0.5275876273231968,74119
RandomForest,Technology,0,0.503433667480673,0.498102845773823,0.5861863482533365,0.5175611015148808,0.6757919842380878,-0.008372188473362793,0.5204333571688771,0.5204333571688771,0.5275876273231968,74119
XGBoost,Technology,0,0.5105168715174246,0.4985617467382316,0.6194432206767785,0.5202078928823115,0.7654637838958884,-0.0008160740259923531,0.5204333571688771,0.5204333571688771,0.5275876273231968,74119
LSTM,Technology,0,0.5175596001025378,0.49800578009324,0.6590839752879262,0.5212323189673372,0.8960698916368538,0.004661601310244033,0.5204333571688771,0.5204333571688771,0.5275876273231968,74119
LSTM,Technology,1,0.5156842375099502,0.4994050919937785,0.6496452239432359,0.5209517101040932,0.8627832218592835,0.002592359687069276,0.5204333571688771,0.5204333571688771,0.5275876273231968,74119
LSTM,Technology,2,0.5112049541952806,0.49757883091211397,0.6416766395996321,0.5187500999472279,0.8409550474412817,-0.007827648408345742,0.5204333571688771,0.5204333571688771,0.5275876273231968,74119
LSTM,Technology,3,0.5197317826738084,0.4984688090913714,0.6631081835647293,0.5221869456989968,0.9082024161352206,0.010843479102571687,0.5204333571688771,0.5204333571688771,0.5275876273231968,74119
LSTM,Technology,4,0.5142406130681741,0.5008610534991493,0.6382888946934839,0.5210780132537235,0.8235339866231141,0.0027778727095739693,0.5204333571688771,0.5204333571688771,0.5275876273231968,74119
LogisticRegression,Financial Services,0,0.5167409438921267,0.4994919185428592,0.6344146441615699,0.5270102870684548,0.7968024755028366,0.003044518155071917,0.5262398583019083,0.5262398583019083,0.517208564002335,70008
RandomForest,Financial Services,0,0.5087275739915438,0.501442631264414,0.5718802514470654,0.5281418126638157,0.6235172769468799,0.004878721319318458,0.5262398583019083,0.5262398583019083,0.517208564002335,70008
XGBoost,Financial Services,0,0.5126699805736488,0.5042744375293713,0.5953818237882328,0.5286869708075319,0.6813332971417714,0.007114566106376763,0.5262398583019083,0.5262398583019083,0.517208564002335,70008
LSTM,Financial Services,0,0.5203976688378471,0.4969418325213505,0.6498268741395853,0.5276493403112985,0.8456339404467849,0.006550407185288753,0.5262398583019083,0.5262398583019083,0.517208564002335,70008
LSTM,Financial Services,1,0.5114986858644727,0.5008606488354578,0.6202178813756954,0.5248270936701248,0.7579870253250455,-0.0050353830180215305,0.5262398583019083,0.5262398583019083,0.517208564002335,70008
LSTM,Financial Services,2,0.5161552965375386,0.49785117947837415,0.631538871544963,0.5269377382465057,0.7879536386091582,0.002685905157372662,0.5262398583019083,0.5262398583019083,0.517208564002335,70008
LSTM,Financial Services,3,0.5108987544280653,0.49770327523550195,0.6094375563185089,0.5255754475703325,0.7251431828669146,-0.0021663264719147656,0.5262398583019083,0.5262398583019083,0.517208564002335,70008
LSTM,Financial Services,4,0.516769512055765,0.502843985603413,0.6212155141526334,0.5286920394122467,0.7529925897776933,0.00849500096719777,0.5262398583019083,0.5262398583019083,0.517208564002335,70008
LogisticRegression,Consumer Defensive,0,0.5104926289281779,0.5034685690209264,0.646511716012199,0.5126010032741581,0.8751282051282051,0.005699767380912554,0.5115156602486753,0.5115156602486753,0.5227526055861832,38122
RandomForest,Consumer Defensive,0,0.5063480405015477,0.5052048018748158,0.5698612603140499,0.514040658117191,0.6392820512820513,0.006679088006776657,0.5115156602486753,0.5115156602486753,0.5227526055861832,38122
XGBoost,Consumer Defensive,0,0.5054037038980116,0.5045860975025404,0.5834345933764885,0.5125179521018515,0.6771282051282052,0.0028949826224902147,0.5115156602486753,0.5115156602486753,0.5227526055861832,38122
LSTM,Consumer Defensive,0,0.5128010072923771,0.5049083356052533,0.6488172896931192,0.5138826489352143,0.8798461538461538,0.012573902812115305,0.5115156602486753,0.5115156602486753,0.5227526055861832,38122
LSTM,Consumer Defensive,1,0.5053512407533708,0.5007656700511389,0.6167665887613047,0.51082309375526,0.7781538461538462,-0.002602812006174843,0.5115156602486753,0.5115156602486753,0.5227526055861832,38122
LSTM,Consumer Defensive,2,0.5124337652798909,0.5082829972268808,0.6262943080603977,0.5150973972285611,0.7987179487179488,0.014031606669332014,0.5115156602486753,0.5115156602486753,0.5227526055861832,38122
LSTM,Consumer Defensive,3,0.5110172603745868,0.5034174976385802,0.6422004261118256,0.5131752507745636,0.857897435897436,0.008066047486250201,0.5115156602486753,0.5115156602486753,0.5227526055861832,38122
LSTM,Consumer Defensive,4,0.5115156602486753,0.5095950956822506,0.6241775983854693,0.5146089850249584,0.793025641025641,0.011939946802973738,0.5115156602486753,0.5115156602486753,0.5227526055861832,38122
LogisticRegression,Utilities,0,0.5094530041041513,0.4910246051562741,0.6219537488333506,0.5222256084287518,0.7687624174838172,-0.009851850626729051,0.5248940321603983,0.5248940321603983,0.516393323778849,29726
RandomForest,Utilities,0,0.5039695889120636,0.501279762679059,0.553736267062135,0.5246014451198532,0.5862975068897007,-0.0006979619721881814,0.5248940321603983,0.5248940321603983,0.516393323778849,29726
XGBoost,Utilities,0,0.5009755769360156,0.4971203116098917,0.5534886520980073,0.5218230319541404,0.5892456578863039,-0.007418586106348463,0.5248940321603983,0.5248940321603983,0.516393323778849,29726
LSTM,Utilities,0,0.50437327592007,0.49133860104000443,0.5901009932392955,0.5213864306784661,0.6796769851951547,-0.010339853461651557,0.5248940321603983,0.5248940321603983,0.516393323778849,29726
LSTM,Utilities,1,0.49195990042387133,0.48538928834598805,0.5381651376146789,0.5146516932795228,0.5639300134589502,-0.02386401727839781,0.5248940321603983,0.5248940321603983,0.516393323778849,29726
LSTM,Utilities,2,0.5065599138801049,0.4905585112411525,0.6058896233005535,0.5216284987277354,0.7226174453630712,-0.010674892084921105,0.5248940321603983,0.5248940321603983,0.516393323778849,29726
LSTM,Utilities,3,0.49653501984794457,0.4947655319436066,0.539082229750539,0.5188830260271536,0.5609177722232904,-0.013785782904983937,0.5248940321603983,0.5248940321603983,0.516393323778849,29726
LSTM,Utilities,4,0.5035322613200565,0.49283004575093725,0.5711379751249565,0.5224626508586315,0.6298147792091264,-0.006390770329323746,0.5248940321603983,0.5248940321603983,0.516393323778849,29726
LogisticRegression,Basic Materials,0,0.4976050362665937,0.49655790870693917,0.5727586608216627,0.5040628200751109,0.6631333093783687,-0.010672187506248333,0.507823548195794,0.507823548195794,0.5119909433416585,21921
RandomForest,Basic Materials,0,0.4981980749053419,0.4973471802754079,0.5380480430035276,0.5052050473186119,0.5754581386992454,-0.006135303229751384,0.507823548195794,0.507823548195794,0.5119909433416585,21921
XGBoost,Basic Materials,0,0.4993841521828384,0.4972774485478099,0.5408752405656431,0.5061863743148003,0.5806683435141933,-0.0038684692144326308,0.507823548195794,0.507823548195794,0.5119909433416585,21921
LSTM,Basic Materials,0,0.5124766205921263,0.508253934359822,0.6311138724931828,0.5124726722349907,0.8212360761767876,0.01944030402853472,0.507823548195794,0.507823548195794,0.5119909433416585,21921
LSTM,Basic Materials,1,0.4962821039186168,0.49782782129907205,0.5359334285954442,0.5035539409256041,0.5727632051742724,-0.009987118628727447,0.507823548195794,0.507823548195794,0.5119909433416585,21921
LSTM,Basic Materials,2,0.5012545048127366,0.4978693522671029,0.6101900381502477,0.5058823529411764,0.7686848724398132,-0.0071374481460708085,0.507823548195794,0.507823548195794,0.5119909433416585,21921
LSTM,Basic Materials,3,0.498608640116783,0.495754212037806,0.5488280448257461,0.5053292009978079,0.6005210204814948,-0.0061552219911092795,0.507823548195794,0.507823548195794,0.5119909433416585,21921
LSTM,Basic Materials,4,0.5042196980064778,0.5013011815477143,0.5859494056690033,0.5087324689071183,0.690801293568092,0.002709652156660971,0.507823548195794,0.507823548195794,0.5119909433416585,21921
LogisticRegression,Real Estate,0,0.49605645496056455,0.48285807281795745,0.6052460437892911,0.5067380552656654,0.7512949882273797,-0.02680557993284232,0.5142175176421752,0.4962640099626401,0.5128852013165635,28908
RandomForest,Real Estate,0,0.49768230247682305,0.48842899489983665,0.5417363587591125,0.5102247057424801,0.5773965691220989,-0.009425014171687215,0.5142175176421752,0.4962640099626401,0.5128852013165635,28908
XGBoost,Real Estate,0,0.4922858724228587,0.4859327146147797,0.5468243431006268,0.5053646843967584,0.5956945845946855,-0.021973243751268513,0.5142175176421752,0.4962640099626401,0.5128852013165635,28908
LSTM,Real Estate,0,0.49633319496333195,0.48364026026543483,0.608433734939759,0.5068327434024822,0.7609821728893373,-0.02719383616274562,0.5142175176421752,0.4962640099626401,0.5128852013165635,28908
LSTM,Real Estate,1,0.4919053549190536,0.4803575985047511,0.5893076837042837,0.5042346523757117,0.7089135553313152,-0.032265207112216816,0.5142175176421752,0.4962640099626401,0.5128852013165635,28908
LSTM,Real Estate,2,0.4964715649647157,0.48096708588504977,0.6011617711530031,0.5071425269289446,0.737975109317188,-0.024405832519576162,0.5142175176421752,0.4962640099626401,0.5128852013165635,28908
LSTM,Real Estate,3,0.495848899958489,0.48458180401605855,0.614974109690373,0.5063296645930309,0.7829801547258661,-0.03109625362633863,0.5142175176421752,0.4962640099626401,0.5128852013165635,28908
LSTM,Real Estate,4,0.495848899958489,0.4830403657365002,0.5865531914893617,0.5071376011773363,0.6954591321897073,-0.02190750343958285,0.5142175176421752,0.4962640099626401,0.5128852013165635,28908
LogisticRegression,Energy,0,0.4979904487209797,0.48216156932665377,0.5840222544371743,0.517030870620881,0.6709578682030969,-0.02401033877029872,0.5252257789966429,0.513546739798572,0.5136350869167812,21149
RandomForest,Energy,0,0.5023878197550712,0.4987562696222406,0.5159598932940852,0.5274590934737634,0.5049513863881887,0.004497560238180959,0.5252257789966429,0.513546739798572,0.5136350869167812,21149
XGBoost,Energy,0,0.49647737481677623,0.4964424891075865,0.5149624231382373,0.5211579238499124,0.5089124954987396,-0.0083587809652274,0.5252257789966429,0.513546739798572,0.5136350869167812,21149
LSTM,Energy,0,0.5065014894321245,0.4926148801795964,0.6033821014630439,0.5220622081935951,0.7147101188332733,-0.010134829015149189,0.5252257789966429,0.513546739798572,0.5136350869167812,21149
LSTM,Energy,1,0.5050829826469336,0.4959200631749044,0.5849228694928025,0.5227159968814232,0.6639359020525747,-0.007115103557862394,0.5252257789966429,0.513546739798572,0.5136350869167812,21149
LSTM,Energy,2,0.5130266206440021,0.4982697291483026,0.6226504964642948,0.5249922767995057,0.764944184371624,-0.0008443351218102656,0.5252257789966429,0.513546739798572,0.5136350869167812,21149
LSTM,Energy,3,0.5046574306113765,0.49681895693267975,0.5832935560859188,0.5225199543899658,0.6600648181490817,-0.007608418013927808,0.5252257789966429,0.513546739798572,0.5136350869167812,21149
LSTM,Energy,4,0.5053666840039718,0.49337828335584993,0.5873209988559707,0.5227161013973738,0.670147641339575,-0.007215981833621547,0.5252257789966429,0.513546739798572,0.5136350869167812,21149
LogisticRegression,Communication Services,0,0.507254536792412,0.49724200677049457,0.6089974911502904,0.512286788089043,0.7507202169123878,0.003920429673737632,0.5111524968599767,0.5111524968599767,0.5140276175771832,23089
RandomForest,Communication Services,0,0.5055654207631339,0.5036041023721084,0.5469481704897214,0.5144072857569424,0.5838840874428063,0.007654544372560094,0.5111524968599767,0.5111524968599767,0.5140276175771832,23089
XGBoost,Communication Services,0,0.5096799341677856,0.5061490134305615,0.5483343307400758,0.5181331523787982,0.5822741908151161,0.01622432987852593,0.5111524968599767,0.5111524968599767,0.5140276175771832,23089
LSTM,Communication Services,0,0.5057819741002209,0.4946105513723852,0.6100003417751803,0.5111989459815547,0.75614302660566,0.0001635946301405632,0.5111524968599767,0.5111524968599767,0.5140276175771832,23089
LSTM,Communication Services,1,0.5055221100957166,0.49376418323861093,0.5962157382847038,0.5116857888666303,0.7142009828842569,0.0016834170877917608,0.5111524968599767,0.5111524968599767,0.5140276175771832,23089
LSTM,Communication Services,2,0.5040928580709428,0.49693839780134064,0.5764592735074351,0.5115546218487395,0.6602270801559058,0.001120080423463662,0.5111524968599767,0.5111524968599767,0.5140276175771832,23089
LSTM,Communication Services,3,0.5057386634328035,0.5051255141031052,0.5615491009681881,0.5137072964993673,0.6192170818505338,0.006475091797244672,0.5111524968599767,0.5111524968599767,0.5140276175771832,23089
LSTM,Communication Services,4,0.5056087314305513,0.4997858668502817,0.5909335244579824,0.5120163944606595,0.698610405016099,0.0026238525737737996,0.5111524968599767,0.5111524968599767,0.5140276175771832,23089
