sector,ticker,model,acc,auc
Healthcare,A,LR,0.48739495798319327,0.46813787041687593
Healthcare,A,RF,0.4957983193277311,0.48927988448016074
Industrials,AAL,LR,0.46407185628742514,0.5056098964326813
Industrials,AAL,RF,0.5329341317365269,0.5442138952819332
Consumer Cyclical,AAP,LR,0.5136612021857924,0.5428398058252426
Consumer Cyclical,AAP,RF,0.453551912568306,0.5095266990291263
Technology,AAPL,LR,0.5033557046979866,0.43094967070493534
Technology,AAPL,RF,0.5055928411633109,0.5089539799983739
Healthcare,ABBV,LR,0.5146067415730337,0.5404853387259859
Healthcare,ABBV,RF,0.5213483146067416,0.5418200202224468
Consumer Cyclical,ABNB,LR,0.4695121951219512,0.49767790262172285
Consumer Cyclical,ABNB,RF,0.49390243902439024,0.45670411985018733
Healthcare,ABT,LR,0.5179856115107914,0.5432789754929058
Healthcare,ABT,RF,0.5203836930455635,0.5383499170812603
Financial Services,ACGL,LR,0.4888888888888889,0.4802197802197803
Financial Services,ACGL,RF,0.5333333333333333,0.5173626373626373
Technology,ACN,LR,0.4765258215962441,0.49656145300652443
Technology,ACN,RF,0.5469483568075117,0.5771358666901781
Technology,ADBE,LR,0.5230414746543779,0.5369071902090771
Technology,ADBE,RF,0.5046082949308756,0.49099099099099097
Technology,ADI,LR,0.5335051546391752,0.5580178025773881
Technology,ADI,RF,0.5025773195876289,0.5098711305965191
Consumer Defensive,ADM,LR,0.49222797927461137,0.4486084246722545
Consumer Defensive,ADM,RF,0.4792746113989637,0.4635315925209542
Technology,ADP,LR,0.47076023391812866,0.41749700393768197
Technology,ADP,RF,0.5146198830409356,0.5118472864235576
Technology,ADSK,LR,0.47214854111405835,0.44359264497878365
Technology,ADSK,RF,0.519893899204244,0.5153748231966054
Utilities,AEE,LR,0.5117647058823529,0.4825740991695333
Utilities,AEE,RF,0.5147058823529411,0.5349560443378852
Utilities,AEP,LR,0.5,0.4992783968580689
Utilities,AEP,RF,0.5145631067961165,0.5125156741666075
Utilities,AES,LR,0.47733333333333333,0.4918359219434488
Utilities,AES,RF,0.5146666666666667,0.5189167662285942
Financial Services,AFL,LR,0.5488505747126436,0.4918265813788202
Financial Services,AFL,RF,0.5028735632183908,0.4852269265915321
Financial Services,AIG,LR,0.5311653116531165,0.5018284770555621
Financial Services,AIG,RF,0.5149051490514905,0.5340627580511973
Financial Services,AIZ,LR,0.5322033898305085,0.49929696287964
Financial Services,AIZ,RF,0.4576271186440678,0.46241094863142107
Financial Services,AJG,LR,0.5206611570247934,0.5320786997433704
Financial Services,AJG,RF,0.4820936639118457,0.43663693022119027
Technology,AKAM,LR,0.4879356568364611,0.44508537148131055
Technology,AKAM,RF,0.4959785522788204,0.494765228426396
Basic Materials,ALB,LR,0.5224274406332454,0.5436054611312343
Basic Materials,ALB,RF,0.554089709762533,0.5672471440512679
Healthcare,ALGN,LR,0.5446428571428571,0.5212121212121212
Healthcare,ALGN,RF,0.46726190476190477,0.4893850788587631
Industrials,ALK,LR,0.46443514644351463,0.4248948106591865
Industrials,ALK,RF,0.502092050209205,0.4580995792426367
Financial Services,ALL,LR,0.520891364902507,0.5439577508543025
Financial Services,ALL,RF,0.5598885793871866,0.5632028580304443
Industrials,ALLE,LR,0.5016835016835017,0.48738730534559693
Industrials,ALLE,RF,0.45454545454545453,0.4503460522721064
Technology,AMAT,LR,0.4949748743718593,0.5173764691014786
Technology,AMAT,RF,0.46733668341708545,0.46221407809933024
Consumer Cyclical,AMCR,LR,0.48264984227129337,0.48945063694267527
Consumer Cyclical,AMCR,RF,0.45110410094637227,0.46614251592356687
Technology,AMD,LR,0.4988814317673378,0.48946862611620545
Technology,AMD,RF,0.5011185682326622,0.47266047331117605
Industrials,AME,LR,0.5064516129032258,0.48707040373707045
Industrials,AME,RF,0.5032258064516129,0.5028361695028362
Healthcare,AMGN,LR,0.5283018867924528,0.5410074193260034
Healthcare,AMGN,RF,0.5188679245283019,0.5315209618306964
Financial Services,AMP,LR,0.5256064690026954,0.5088555457487496
Financial Services,AMP,RF,0.48247978436657685,0.5131656369520448
Real Estate,AMT,LR,0.48556430446194226,0.46426008721090684
Real Estate,AMT,RF,0.5144356955380578,0.5026494452723962
Consumer Cyclical,AMZN,LR,0.5100671140939598,0.4574664631697325
Consumer Cyclical,AMZN,RF,0.4966442953020134,0.4816852759257771
Technology,ANET,LR,0.5567010309278351,0.4796929442508711
Technology,ANET,RF,0.49226804123711343,0.4913028092334495
Financial Services,AON,LR,0.5233160621761658,0.5183937474733864
Financial Services,AON,RF,0.5,0.4822800161703274
Industrials,AOS,LR,0.4777777777777778,0.5027715273585424
Industrials,AOS,RF,0.4925925925925926,0.49160309532956475
Energy,APA,LR,0.5336927223719676,0.531439393939394
Energy,APA,RF,0.5202156334231806,0.5311043123543124
Basic Materials,APD,LR,0.49295774647887325,0.4678269707171441
Basic Materials,APD,RF,0.4732394366197183,0.48313536174807853
Technology,APH,LR,0.5432098765432098,0.49649225945522246
Technology,APH,RF,0.5185185185185185,0.5136586321771506
Consumer Cyclical,APTV,LR,0.5350877192982456,0.5485978112175103
Consumer Cyclical,APTV,RF,0.49707602339181284,0.49221956224350205
Real Estate,ARE,LR,0.5208333333333334,0.5137117346938775
Real Estate,ARE,RF,0.5357142857142857,0.5092297335600907
Utilities,ATO,LR,0.5390070921985816,0.5202547770700637
Utilities,ATO,RF,0.4716312056737589,0.47485350318471337
Real Estate,AVB,LR,0.4880239520958084,0.47159932112808284
Real Estate,AVB,RF,0.49101796407185627,0.49734589968584125
Technology,AVGO,LR,0.5353075170842825,0.558322903629537
Technology,AVGO,RF,0.5193621867881549,0.5315394242803505
Consumer Cyclical,AVY,LR,0.475,0.44591585608812845
Consumer Cyclical,AVY,RF,0.465625,0.48107347943279033
Utilities,AWK,LR,0.5315315315315315,0.5028901734104047
Utilities,AWK,RF,0.5495495495495496,0.5335802023121388
Industrials,AXON,LR,0.5423728813559322,0.5564236111111112
Industrials,AXON,RF,0.5,0.5053530092592593
Financial Services,AXP,LR,0.4853273137697517,0.4848111658456486
Financial Services,AXP,RF,0.5033860045146726,0.5044745484400657
Consumer Cyclical,AZO,LR,0.4942857142857143,0.49273940345368916
Consumer Cyclical,AZO,RF,0.49714285714285716,0.5251995028780744
Industrials,BA,LR,0.5167785234899329,0.49639437522535157
Industrials,BA,RF,0.4519015659955257,0.49690517206842677
Financial Services,BAC,LR,0.5159090909090909,0.522656979761287
Financial Services,BAC,RF,0.48863636363636365,0.47840166061235084
Consumer Cyclical,BALL,LR,0.4429530201342282,0.44477625446812363
Consumer Cyclical,BALL,RF,0.40939597315436244,0.3948463870413104
Healthcare,BAX,LR,0.5203252032520326,0.5043570419218089
Healthcare,BAX,RF,0.4363143631436314,0.4622291568535092
Consumer Cyclical,BBWI,LR,0.4576923076923077,0.4893491124260355
Consumer Cyclical,BBWI,RF,0.5038461538461538,0.4957100591715976
Consumer Cyclical,BBY,LR,0.4563106796116505,0.452777712305843
Consumer Cyclical,BBY,RF,0.49029126213592233,0.4818511796733212
Healthcare,BDX,LR,0.47103274559193953,0.48783028455284555
Healthcare,BDX,RF,0.5465994962216625,0.5448043699186992
Financial Services,BEN,LR,0.5149425287356322,0.528200575004228
Financial Services,BEN,RF,0.5379310344827586,0.5466345340774563
Consumer Defensive,BF-B,LR,0.5192307692307693,0.533844241922121
Consumer Defensive,BF-B,RF,0.5416666666666666,0.5282104391052195
Consumer Defensive,BG,LR,0.512987012987013,0.5350340136054422
Consumer Defensive,BG,RF,0.44155844155844154,0.4354591836734694
Healthcare,BIIB,LR,0.5294117647058824,0.5038790619319945
Healthcare,BIIB,RF,0.48705882352941177,0.4860464600789112
Financial Services,BK,LR,0.5397196261682243,0.5245168539325843
Financial Services,BK,RF,0.5093457943925234,0.48691011235955056
Consumer Cyclical,BKNG,LR,0.5187032418952618,0.45402327807729126
Consumer Cyclical,BKNG,RF,0.5261845386533666,0.4889152012898676
Energy,BKR,LR,0.5230414746543779,0.5333418633911244
Energy,BKR,RF,0.4792626728110599,0.4646109227390015
Industrials,BLDR,LR,0.4878048780487805,0.4699088145896657
Industrials,BLDR,RF,0.45121951219512196,0.451063829787234
Financial Services,BLK,LR,0.5179372197309418,0.4864091559370529
Financial Services,BLK,RF,0.515695067264574,0.47477281428197227
Healthcare,BMY,LR,0.4762979683972912,0.46710311633219115
Healthcare,BMY,RF,0.4785553047404063,0.47723935389133626
Technology,BR,LR,0.47305389221556887,0.47478479196556667
Technology,BR,RF,0.5179640718562875,0.5178802008608321
Financial Services,BRK-B,LR,0.5167464114832536,0.49647919734904267
Financial Services,BRK-B,RF,0.5311004784688995,0.544286174521355
Financial Services,BRO,LR,0.5275229357798165,0.4677991886409736
Financial Services,BRO,RF,0.4908256880733945,0.48360378634212303
Healthcare,BSX,LR,0.555,0.5354619736015085
Healthcare,BSX,RF,0.4825,0.4803771213073539
Consumer Cyclical,BWA,LR,0.534965034965035,0.5477308294209703
Consumer Cyclical,BWA,RF,0.5699300699300699,0.5440629890453834
Financial Services,BX,LR,0.4294478527607362,0.4797235023041474
Financial Services,BX,RF,0.4233128834355828,0.4614439324116743
Real Estate,BXP,LR,0.46920821114369504,0.5024499654934438
Real Estate,BXP,RF,0.5161290322580645,0.5491718426501034
Financial Services,C,LR,0.4696629213483146,0.4602448979591837
Financial Services,C,RF,0.5438202247191011,0.5373469387755102
Consumer Defensive,CAG,LR,0.5431754874651811,0.532337379396203
Consumer Defensive,CAG,RF,0.49025069637883006,0.49295051353874886
Healthcare,CAH,LR,0.5457063711911357,0.4809871568874339
Healthcare,CAH,RF,0.5872576177285319,0.5570385293376983
Industrials,CARR,LR,0.49693251533742333,0.5147552104925941
Industrials,CARR,RF,0.5306748466257669,0.5415331850902649
Industrials,CAT,LR,0.5221674876847291,0.5228053086570073
Industrials,CAT,RF,0.5172413793103449,0.49478874954340674
Financial Services,CB,LR,0.5153061224489796,0.4868131868131868
Financial Services,CB,RF,0.4846938775510204,0.47107535321821037
Financial Services,CBOE,LR,0.49868766404199477,0.5004419889502763
Financial Services,CBOE,RF,0.49343832020997375,0.4947651933701657
Real Estate,CBRE,LR,0.5047619047619047,0.5015840455840456
Real Estate,CBRE,RF,0.49047619047619045,0.4817777777777777
Real Estate,CCI,LR,0.48787878787878786,0.4647882149810808
Real Estate,CCI,RF,0.5363636363636364,0.5199294662209324
Consumer Cyclical,CCL,LR,0.4863636363636364,0.48160327604392883
Consumer Cyclical,CCL,RF,0.5045454545454545,0.5081280635353974
Technology,CDNS,LR,0.46153846153846156,0.4303850899409052
Technology,CDNS,RF,0.5185185185185185,0.5286869277225793
Technology,CDW,LR,0.4962686567164179,0.4843706469047751
Technology,CDW,RF,0.503731343283582,0.5131219702457235
Basic Materials,CE,LR,0.493006993006993,0.49651413982717996
Basic Materials,CE,RF,0.5,0.509794776119403
Utilities,CEG,LR,0.5303867403314917,0.4966863033873343
Utilities,CEG,RF,0.5027624309392266,0.47477908689248893
Basic Materials,CF,LR,0.5167173252279635,0.5275862068965518
Basic Materials,CF,RF,0.48936170212765956,0.48691904047976015
Financial Services,CFG,LR,0.4774011299435028,0.5002243014611638
Financial Services,CFG,RF,0.4576271186440678,0.4526243270956165
Consumer Defensive,CHD,LR,0.5142857142857142,0.47805920787287254
Consumer Defensive,CHD,RF,0.5015873015873016,0.4878196337823667
Industrials,CHRW,LR,0.5,0.465962441314554
Industrials,CHRW,RF,0.5,0.48591549295774644
Communication Services,CHTR,LR,0.5077720207253886,0.4745475113122172
Communication Services,CHTR,RF,0.49222797927461137,0.47105957767722473
Healthcare,CI,LR,0.4909090909090909,0.48112647154120314
Healthcare,CI,RF,0.4857142857142857,0.4998514958418836
Financial Services,CINF,LR,0.5166666666666667,0.5018168604651163
Financial Services,CINF,RF,0.47,0.4701807776162791
Consumer Defensive,CL,LR,0.5038167938931297,0.4749429933665008
Consumer Defensive,CL,RF,0.4910941475826972,0.48103233830845776
Consumer Defensive,CLX,LR,0.48293963254593175,0.49395828735378505
Consumer Defensive,CLX,RF,0.5380577427821522,0.547464687706908
Communication Services,CMCSA,LR,0.5188679245283019,0.530977399995538
Communication Services,CMCSA,RF,0.47877358490566035,0.4856658411975995
Financial Services,CME,LR,0.5027932960893855,0.49022403904046646
Financial Services,CME,RF,0.5167597765363129,0.5369965459327567
Consumer Cyclical,CMG,LR,0.4965034965034965,0.5176759980843747
Consumer Cyclical,CMG,RF,0.46386946386946387,0.4529909878531934
Industrials,CMI,LR,0.493573264781491,0.49120562839782544
Industrials,CMI,RF,0.493573264781491,0.4976814838503358
Utilities,CMS,LR,0.4986225895316804,0.4697581879400061
Utilities,CMS,RF,0.5013774104683195,0.48184879093970007
Healthcare,CNC,LR,0.5076142131979695,0.5317098312073186
Healthcare,CNC,RF,0.5253807106598984,0.5045226130653266
Utilities,CNP,LR,0.5220125786163522,0.5198080659872308
Utilities,CNP,RF,0.49056603773584906,0.4556450013879526
Financial Services,COF,LR,0.5225,0.4917861865527413
Financial Services,COF,RF,0.5325,0.5351185026955548
Healthcare,COO,LR,0.5213270142180095,0.5347708894878705
Healthcare,COO,RF,0.4834123222748815,0.4824348607367475
Energy,COP,LR,0.5179372197309418,0.5241382086008091
Energy,COP,RF,0.5,0.49899382206749443
Healthcare,COR,LR,0.5219941348973607,0.4729995090819833
Healthcare,COR,RF,0.5190615835777126,0.48262500876639314
Consumer Defensive,COST,LR,0.5114678899082569,0.5507859352313617
Consumer Defensive,COST,RF,0.5344036697247706,0.5379395240199482
Technology,CPAY,LR,0.5189003436426117,0.5022207522207522
Technology,CPAY,RF,0.5395189003436426,0.5311614061614063
Consumer Defensive,CPB,LR,0.49859154929577465,0.4924194164861766
Consumer Defensive,CPB,RF,0.49014084507042255,0.4802204102433431
Industrials,CPRT,LR,0.46808510638297873,0.46379588543767647
Industrials,CPRT,RF,0.45390070921985815,0.47176280758370315
Real Estate,CPT,LR,0.45901639344262296,0.5218211206896552
Real Estate,CPT,RF,0.4262295081967213,0.4608028017241379
Healthcare,CRL,LR,0.5150375939849624,0.5482046932428613
Healthcare,CRL,RF,0.48120300751879697,0.5103477523324851
Technology,CRM,LR,0.5261958997722096,0.5419629860677896
Technology,CRM,RF,0.5421412300683371,0.5529112081513827
Technology,CRWD,LR,0.580952380952381,0.6049382716049383
Technology,CRWD,RF,0.5333333333333333,0.5321350762527233
Technology,CSCO,LR,0.54337899543379,0.53
Technology,CSCO,RF,0.5182648401826484,0.5001785714285714
Real Estate,CSGP,LR,0.4382716049382716,0.4248894311422906
Real Estate,CSGP,RF,0.4876543209876543,0.4976361140765594
Industrials,CSX,LR,0.4830508474576271,0.4908365261813538
Industrials,CSX,RF,0.5225988700564972,0.5248243933588761
Industrials,CTAS,LR,0.5474006116207951,0.5057518796992481
Industrials,CTAS,RF,0.5229357798165137,0.49588345864661654
Energy,CTRA,LR,0.5060975609756098,0.5269490073378775
Energy,CTRA,RF,0.47865853658536583,0.4879688605803255
Technology,CTSH,LR,0.4986301369863014,0.5140456255308822
Technology,CTSH,RF,0.4931506849315068,0.48437689600776607
Basic Materials,CTVA,LR,0.4740740740740741,0.4956181150550795
Basic Materials,CTVA,RF,0.4740740740740741,0.48675642594859236
Healthcare,CVS,LR,0.5763888888888888,0.5830008411154484
Healthcare,CVS,RF,0.5277777777777778,0.5298056807643369
Energy,CVX,LR,0.4977578475336323,0.4309756097560976
Energy,CVX,RF,0.5112107623318386,0.5242581300813008
Consumer Cyclical,CZR,LR,0.5215827338129496,0.48644711513448835
Consumer Cyclical,CZR,RF,0.4784172661870504,0.5217990739295562
Utilities,D,LR,0.4742268041237113,0.5191742797854852
Utilities,D,RF,0.5231958762886598,0.5370280540059827
Industrials,DAL,LR,0.49324324324324326,0.4952777495683965
Industrials,DAL,RF,0.5382882882882883,0.555275718492942
Basic Materials,DD,LR,0.4375,0.4291202582728006
Basic Materials,DD,RF,0.4346590909090909,0.41091202582728004
Industrials,DE,LR,0.5013054830287206,0.48107444777747477
Industrials,DE,RF,0.5143603133159269,0.5128851922552495
Consumer Cyclical,DECK,LR,0.42528735632183906,0.4294803817603393
Consumer Cyclical,DECK,RF,0.47126436781609193,0.4840933191940615
Technology,DELL,LR,0.5454545454545454,0.5571059431524548
Technology,DELL,RF,0.4772727272727273,0.4739018087855297
Consumer Defensive,DG,LR,0.49754901960784315,0.5257493680028892
Consumer Defensive,DG,RF,0.5171568627450981,0.5245335259419767
Healthcare,DGX,LR,0.478494623655914,0.4355705861949358
Healthcare,DGX,RF,0.48655913978494625,0.47379754884957803
Consumer Cyclical,DHI,LR,0.5118733509234829,0.5109568417530946
Consumer Cyclical,DHI,RF,0.5224274406332454,0.5270296643247463
Healthcare,DHR,LR,0.5118110236220472,0.5045206461216164
Healthcare,DHR,RF,0.4566929133858268,0.441204035503611
Communication Services,DIS,LR,0.49440715883668906,0.48725706271288316
Communication Services,DIS,RF,0.4809843400447427,0.47281105990783406
Real Estate,DLR,LR,0.4738372093023256,0.4756328685528632
Real Estate,DLR,RF,0.47093023255813954,0.4722147015026398
Consumer Defensive,DLTR,LR,0.5242424242424243,0.5425359976491332
Consumer Defensive,DLTR,RF,0.47575757575757577,0.4934249191889508
Real Estate,DOC,LR,0.5490196078431373,0.48835213865888716
Real Estate,DOC,RF,0.5294117647058824,0.5323265691363851
Industrials,DOV,LR,0.5285285285285285,0.5700253715114172
Industrials,DOV,RF,0.5255255255255256,0.5191554911199711
Basic Materials,DOW,LR,0.5062344139650873,0.510770153430956
Basic Materials,DOW,RF,0.5411471321695761,0.5302988655105202
Consumer Cyclical,DPZ,LR,0.47103274559193953,0.47141109922030267
Consumer Cyclical,DPZ,RF,0.4987405541561713,0.497515670386791
Consumer Cyclical,DRI,LR,0.532394366197183,0.5518193941703182
Consumer Cyclical,DRI,RF,0.5070422535211268,0.518749603099003
Utilities,DTE,LR,0.5242966751918159,0.46776090675791265
Utilities,DTE,RF,0.5063938618925832,0.5011762189905903
Utilities,DUK,LR,0.47306791569086654,0.45215184286029575
Utilities,DUK,RF,0.48009367681498827,0.45570514235268156
Healthcare,DVA,LR,0.5063291139240507,0.4892490372272144
Healthcare,DVA,RF,0.48417721518987344,0.5084242618741978
Energy,DVN,LR,0.46475195822454307,0.44390430412934234
Energy,DVN,RF,0.47780678851174935,0.4844330347389119
Technology,DXC,LR,0.5288461538461539,0.5595414201183432
Technology,DXC,RF,0.5096153846153846,0.4947762573964497
Healthcare,DXCM,LR,0.5103244837758112,0.5033414549251654
Healthcare,DXCM,RF,0.4778761061946903,0.4872607030978071
Communication Services,EA,LR,0.517162471395881,0.5011833819365199
Communication Services,EA,RF,0.5331807780320366,0.5346878830142429
Consumer Cyclical,EBAY,LR,0.5224215246636771,0.5096921553170417
Consumer Cyclical,EBAY,RF,0.4977578475336323,0.4738948517373113
Basic Materials,ECL,LR,0.505464480874317,0.4944686557157224
Basic Materials,ECL,RF,0.4672131147540984,0.45462164386066495
Utilities,ED,LR,0.4914772727272727,0.4654185663012901
Utilities,ED,RF,0.5198863636363636,0.527904420086009
Industrials,EFX,LR,0.47606382978723405,0.4769953849202978
Industrials,EFX,RF,0.4654255319148936,0.4628245420312014
Financial Services,EG,LR,0.5608108108108109,0.5468484598081073
Financial Services,EG,RF,0.5608108108108109,0.5692053436165818
Utilities,EIX,LR,0.44984802431610943,0.4557158712541621
Utilities,EIX,RF,0.4316109422492401,0.4107103218645949
Consumer Defensive,EL,LR,0.4960835509138381,0.5183797385263388
Consumer Defensive,EL,RF,0.5065274151436031,0.5004786390241234
Healthcare,ELV,LR,0.493368700265252,0.49642374408650597
Healthcare,ELV,RF,0.519893899204244,0.517008335210633
Basic Materials,EMN,LR,0.47513812154696133,0.46664222873900296
Basic Materials,EMN,RF,0.5303867403314917,0.5139601661779081
Industrials,EMR,LR,0.5076530612244898,0.5047619047619047
Industrials,EMR,RF,0.4719387755102041,0.4867216117216117
Technology,ENPH,LR,0.41975308641975306,0.41067064892750477
Technology,ENPH,RF,0.49794238683127573,0.4774300841705132
Energy,EOG,LR,0.47282608695652173,0.4754432624113475
Energy,EOG,RF,0.5108695652173914,0.515588061465721
Technology,EPAM,LR,0.4794520547945205,0.4765037593984962
Technology,EPAM,RF,0.4589041095890411,0.45291353383458643
Real Estate,EQIX,LR,0.4649859943977591,0.45971818526475416
Real Estate,EQIX,RF,0.47058823529411764,0.48943194742828255
Real Estate,EQR,LR,0.5223880597014925,0.5575753238388321
Real Estate,EQR,RF,0.5611940298507463,0.5294854361983826
Energy,EQT,LR,0.5263157894736842,0.5128169406519922
Energy,EQT,RF,0.52046783625731,0.504806352744497
Utilities,ES,LR,0.4891304347826087,0.5101536195286196
Utilities,ES,RF,0.4746376811594203,0.5307239057239057
Real Estate,ESS,LR,0.5033333333333333,0.4757215773070148
Real Estate,ESS,RF,0.48333333333333334,0.4591219115587876
Industrials,ETN,LR,0.5401069518716578,0.5351239669421488
Industrials,ETN,RF,0.516042780748663,0.5121814738292011
Utilities,ETR,LR,0.4987714987714988,0.4921123321123321
Utilities,ETR,RF,0.4619164619164619,0.4693040293040292
Consumer Cyclical,ETSY,LR,0.5086705202312138,0.5309292649098474
Consumer Cyclical,ETSY,RF,0.4508670520231214,0.4656726768377254
Utilities,EVRG,LR,0.4827586206896552,0.44743405638273737
Utilities,EVRG,RF,0.521551724137931,0.5102411004459224
Healthcare,EW,LR,0.45454545454545453,0.4395691375868952
Healthcare,EW,RF,0.5278592375366569,0.5188072131598872
Utilities,EXC,LR,0.5153846153846153,0.5167740912933221
Utilities,EXC,RF,0.5256410256410257,0.5117814877430262
Industrials,EXPD,LR,0.5259515570934256,0.5008638065073423
Industrials,EXPD,RF,0.4671280276816609,0.49260965543718205
Consumer Cyclical,EXPE,LR,0.4607329842931937,0.4881782945736435
Consumer Cyclical,EXPE,RF,0.4607329842931937,0.48570044296788484
Real Estate,EXR,LR,0.49019607843137253,0.48467465753424666
Real Estate,EXR,RF,0.49673202614379086,0.49338613013698635
Consumer Cyclical,F,LR,0.4899328859060403,0.4610999598554797
Consumer Cyclical,F,RF,0.4697986577181208,0.46510437575270974
Energy,FANG,LR,0.5355191256830601,0.5135895593869731
Energy,FANG,RF,0.4644808743169399,0.4575401101532567
Industrials,FAST,LR,0.49691358024691357,0.4693838645722129
Industrials,FAST,RF,0.4845679012345679,0.4707373798993442
Industrials,FBIN,LR,0.46226415094339623,0.5192307692307692
Industrials,FBIN,RF,0.5,0.46866096866096857
Basic Materials,FCX,LR,0.45979899497487436,0.46201361990835677
Basic Materials,FCX,RF,0.535175879396985,0.5282397913976862
Financial Services,FDS,LR,0.5135135135135135,0.523876404494382
Financial Services,FDS,RF,0.5405405405405406,0.488003277153558
Industrials,FDX,LR,0.4904306220095694,0.48580390709689325
Industrials,FDX,RF,0.5191387559808612,0.5052932629102567
Utilities,FE,LR,0.5180412371134021,0.49820788530465954
Utilities,FE,RF,0.5025773195876289,0.4889373972565823
Technology,FFIV,LR,0.49101796407185627,0.48677932048936245
Technology,FFIV,RF,0.5299401197604791,0.4867793204893624
Technology,FICO,LR,0.52,0.5070921985815603
Technology,FICO,RF,0.5657142857142857,0.5393354347255057
Technology,FIS,LR,0.5308988764044944,0.4936873081669461
Technology,FIS,RF,0.5168539325842697,0.5077682498496978
Financial Services,FISV,LR,0.4820936639118457,0.44155092592592593
Financial Services,FISV,RF,0.5371900826446281,0.5123964424951267
Financial Services,FITB,LR,0.5014005602240896,0.5034062953384217
Financial Services,FITB,RF,0.5014005602240896,0.492272755945247
Basic Materials,FMC,LR,0.4601449275362319,0.44744728955255275
Basic Materials,FMC,RF,0.47101449275362317,0.4800725590199274
Communication Services,FOX,LR,0.45965770171149145,0.5369196254389388
Communication Services,FOX,RF,0.5012224938875306,0.5235319937573156
Communication Services,FOXA,LR,0.46943765281173594,0.524458642216153
Communication Services,FOXA,RF,0.48655256723716384,0.5013533944596176
Financial Services,FRCB,LR,0.4236111111111111,0.48733798604187434
Financial Services,FRCB,RF,0.4652777777777778,0.5035892323030907
Real Estate,FRT,LR,0.4906832298136646,0.5062905217659772
Real Estate,FRT,RF,0.5527950310559007,0.5416023464032108
Technology,FSLR,LR,0.46107784431137727,0.5741861135119561
Technology,FSLR,RF,0.46107784431137727,0.4580812445980985
Technology,FTNT,LR,0.5234375,0.5061107313738893
Technology,FTNT,RF,0.5651041666666666,0.5460970608339029
Technology,FTV,LR,0.5176848874598071,0.5481389578163771
Technology,FTV,RF,0.4919614147909968,0.47444168734491315
Consumer Cyclical,GAP,LR,0.5144927536231884,0.46899306285474035
Consumer Cyclical,GAP,RF,0.43478260869565216,0.47603531637586716
Industrials,GD,LR,0.49873417721518987,0.4748884214846355
Industrials,GD,RF,0.529113924050633,0.5321397424716564
Industrials,GE,LR,0.5396825396825397,0.5228017132779037
Industrials,GE,RF,0.4897959183673469,0.4918220374569581
Healthcare,GEHC,LR,0.5251798561151079,0.4983050847457627
Healthcare,GEHC,RF,0.5683453237410072,0.5569915254237289
Technology,GEN,LR,0.45454545454545453,0.47696354072193
Technology,GEN,RF,0.5151515151515151,0.5098403772900416
Industrials,GEV,LR,0.5108695652173914,0.5766666666666667
Industrials,GEV,RF,0.4891304347826087,0.5588095238095238
Healthcare,GILD,LR,0.4795180722891566,0.4660584795321637
Healthcare,GILD,RF,0.5036144578313253,0.5237309941520468
Consumer Defensive,GIS,LR,0.4841075794621027,0.5028456645463675
Consumer Defensive,GIS,RF,0.4963325183374083,0.5006097852599359
Financial Services,GL,LR,0.5358361774744027,0.5278679137239931
Financial Services,GL,RF,0.5119453924914675,0.5117150219507539
Technology,GLW,LR,0.5373831775700935,0.5436823909891826
Technology,GLW,RF,0.5397196261682243,0.5379056540649045
Consumer Cyclical,GM,LR,0.4742729306487696,0.45322790470769986
Consumer Cyclical,GM,RF,0.4966442953020134,0.4666639564192211
Industrials,GNRC,LR,0.4780701754385965,0.4644506001846722
Industrials,GNRC,RF,0.4649122807017544,0.46672052939365954
Communication Services,GOOG,LR,0.5704697986577181,0.5459842712195917
Communication Services,GOOG,RF,0.5503355704697986,0.5783382910231857
Communication Services,GOOGL,LR,0.5503355704697986,0.5443531994471096
Communication Services,GOOGL,RF,0.5727069351230425,0.5530632571753801
Consumer Cyclical,GPC,LR,0.4921135646687697,0.5501202886928629
Consumer Cyclical,GPC,RF,0.5331230283911672,0.5239574979951884
Industrials,GPN,LR,0.4894894894894895,0.5047649989170457
Industrials,GPN,RF,0.5795795795795796,0.5603205544726013
Technology,GRMN,LR,0.5173210161662818,0.4883554514702056
Technology,GRMN,RF,0.5103926096997691,0.4807875791482349
Financial Services,GS,LR,0.5257270693512305,0.5389092389092389
Financial Services,GS,RF,0.5548098434004475,0.5359076109076109
Industrials,GWW,LR,0.4879725085910653,0.457624716553288
Industrials,GWW,RF,0.45017182130584193,0.45793178382464095
Energy,HAL,LR,0.5152284263959391,0.5204741657002964
Energy,HAL,RF,0.5456852791878173,0.5690890349181805
Consumer Cyclical,HAS,LR,0.5247252747252747,0.5388735889598402
Consumer Cyclical,HAS,RF,0.5137362637362637,0.5324577066247012
Financial Services,HBAN,LR,0.48672566371681414,0.48778700537371766
Financial Services,HBAN,RF,0.4808259587020649,0.4704620001395771
Healthcare,HCA,LR,0.5432432432432432,0.5037491479209271
Healthcare,HCA,RF,0.5216216216216216,0.5092765478201594
Consumer Cyclical,HD,LR,0.5092592592592593,0.49589353285173715
Consumer Cyclical,HD,RF,0.4513888888888889,0.4601285689714482
Financial Services,HIG,LR,0.547112462006079,0.48657009204768364
Financial Services,HIG,RF,0.513677811550152,0.4786102308736986
Industrials,HII,LR,0.5614754098360656,0.5796130952380952
Industrials,HII,RF,0.5491803278688525,0.521881764069264
Consumer Cyclical,HLT,LR,0.5413333333333333,0.4820998968954061
Consumer Cyclical,HLT,RF,0.5173333333333333,0.529270248596632
Healthcare,HOLX,LR,0.5,0.5017396022854225
Healthcare,HOLX,RF,0.5423728813559322,0.5638864949407897
Industrials,HON,LR,0.4853932584269663,0.44093645214721455
Industrials,HON,RF,0.49887640449438203,0.5028582394053246
Technology,HPE,LR,0.54292343387471,0.5403463203463204
Technology,HPE,RF,0.5568445475638051,0.5143939393939394
Technology,HPQ,LR,0.4897959183673469,0.47675713578617396
Technology,HPQ,RF,0.5170068027210885,0.49947409668371556
Consumer Defensive,HRL,LR,0.49441340782122906,0.5166479260369815
Consumer Defensive,HRL,RF,0.5139664804469274,0.5057002748625687
Healthcare,HSIC,LR,0.4804804804804805,0.4445207956600361
Healthcare,HSIC,RF,0.5225225225225225,0.5213562386980108
Real Estate,HST,LR,0.5242718446601942,0.5500125976316452
Real Estate,HST,RF,0.5307443365695793,0.545981355505165
Consumer Defensive,HSY,LR,0.5363408521303258,0.5107051314268483
Consumer Defensive,HSY,RF,0.518796992481203,0.5340126652259135
Industrials,HUBB,LR,0.4533333333333333,0.5071428571428571
Industrials,HUBB,RF,0.4533333333333333,0.4585714285714286
Healthcare,HUM,LR,0.5249343832020997,0.5327040900811393
Healthcare,HUM,RF,0.49081364829396323,0.4854280510018215
Industrials,HWM,LR,0.5520833333333334,0.5198412698412698
Industrials,HWM,RF,0.5243055555555556,0.4882936507936508
Technology,IBM,LR,0.5520361990950227,0.5055416666666667
Technology,IBM,RF,0.5633484162895928,0.5698124999999999
Financial Services,ICE,LR,0.5201072386058981,0.5083463293478889
Financial Services,ICE,RF,0.4879356568364611,0.5171836192456535
Healthcare,IDXX,LR,0.5032679738562091,0.49196581196581196
Healthcare,IDXX,RF,0.5261437908496732,0.5058760683760684
Industrials,IEX,LR,0.4713804713804714,0.4685010530171229
Industrials,IEX,RF,0.4377104377104377,0.48177822543723103
Basic Materials,IFF,LR,0.52046783625731,0.5067209358005268
Basic Materials,IFF,RF,0.47076023391812866,0.46198310360160066
Healthcare,ILMN,LR,0.5278810408921933,0.51124846864907
Healthcare,ILMN,RF,0.48698884758364314,0.4827096558636819
Healthcare,INCY,LR,0.5041322314049587,0.5025010675288233
Healthcare,INCY,RF,0.46005509641873277,0.45578905630452027
Technology,INTC,LR,0.5100671140939598,0.5186069851465276
Technology,INTC,RF,0.5324384787472036,0.5429144921718185
Technology,INTU,LR,0.5289672544080605,0.518502538071066
Technology,INTU,RF,0.4836272040302267,0.4817893401015229
Real Estate,INVH,LR,0.4632768361581921,0.5203189300411523
Real Estate,INVH,RF,0.5084745762711864,0.5581918724279834
Consumer Cyclical,IP,LR,0.4943820224719101,0.5040164452877924
Consumer Cyclical,IP,RF,0.5561797752808989,0.5611321948134093
Technology,IPGP,LR,0.5529411764705883,0.5379041248606466
Technology,IPGP,RF,0.5176470588235295,0.5317725752508361
Healthcare,IQV,LR,0.4448051948051948,0.4441350210970464
Healthcare,IQV,RF,0.487012987012987,0.4679746835443038
Industrials,IR,LR,0.51875,0.5364119393655258
Industrials,IR,RF,0.496875,0.4936708860759494
Real Estate,IRM,LR,0.5089820359281437,0.47613304093567255
Real Estate,IRM,RF,0.5449101796407185,0.5229897660818714
Healthcare,ISRG,LR,0.5183098591549296,0.5241228070175439
Healthcare,ISRG,RF,0.4732394366197183,0.44937070938215107
Technology,IT,LR,0.4781491002570694,0.45723353610156037
Technology,IT,RF,0.4704370179948586,0.4628801904258133
Industrials,ITW,LR,0.4709480122324159,0.457372754491018
Industrials,ITW,RF,0.4648318042813456,0.4581025449101797
Financial Services,IVZ,LR,0.46632124352331605,0.4683365864237693
Financial Services,IVZ,RF,0.5233160621761658,0.5258078507915853
Industrials,J,LR,0.47530864197530864,0.4518236673200353
Industrials,J,RF,0.49074074074074076,0.4650255582458972
Industrials,JBHT,LR,0.5397350993377483,0.5464035087719298
Industrials,JBHT,RF,0.5397350993377483,0.5535526315789474
Technology,JBL,LR,0.4942528735632184,0.5443974630021141
Technology,JBL,RF,0.5172413793103449,0.5179704016913319
Industrials,JCI,LR,0.5584045584045584,0.5165898617511521
Industrials,JCI,RF,0.5441595441595442,0.5108130348913759
Technology,JKHY,LR,0.4896551724137931,0.5161029446743732
Technology,JKHY,RF,0.5275862068965518,0.5022834308548595
Healthcare,JNJ,LR,0.4774774774774775,0.48429904625166653
Healthcare,JNJ,RF,0.5225225225225225,0.5289303661162957
Financial Services,JPM,LR,0.4988814317673378,0.4773355557362387
Financial Services,JPM,RF,0.5391498881431768,0.5242397755915115
Consumer Defensive,KDP,LR,0.4716981132075472,0.4235759493670886
Consumer Defensive,KDP,RF,0.5345911949685535,0.5356012658227849
Financial Services,KEY,LR,0.5025906735751295,0.49862637362637363
Financial Services,KEY,RF,0.4740932642487047,0.48019015298427065
Technology,KEYS,LR,0.5012531328320802,0.48153207852661406
Technology,KEYS,RF,0.48872180451127817,0.4944596235579843
Consumer Defensive,KHC,LR,0.5356265356265356,0.558695652173913
Consumer Defensive,KHC,RF,0.5085995085995086,0.5083816425120773
Real Estate,KIM,LR,0.5135135135135135,0.5183526011560693
Real Estate,KIM,RF,0.5165165165165165,0.522471098265896
Financial Services,KKR,LR,0.4392523364485981,0.42269503546099285
Financial Services,KKR,RF,0.4392523364485981,0.4023049645390071
Technology,KLAC,LR,0.5495750708215298,0.5509893455098934
Technology,KLAC,RF,0.5070821529745042,0.4967242406194163
Consumer Defensive,KMB,LR,0.5105820105820106,0.5247815860215055
Consumer Defensive,KMB,RF,0.4603174603174603,0.4580253136200717
Energy,KMI,LR,0.45707070707070707,0.44459876543209875
Energy,KMI,RF,0.4671717171717172,0.4575617283950617
Consumer Cyclical,KMX,LR,0.5128939828080229,0.5449046679815911
Consumer Cyclical,KMX,RF,0.49283667621776506,0.4871959237343853
Consumer Defensive,KO,LR,0.5204545454545455,0.5308425120373623
Consumer Defensive,KO,RF,0.4954545454545455,0.507387737389184
Consumer Defensive,KR,LR,0.5023474178403756,0.5198192239858908
Consumer Defensive,KR,RF,0.5117370892018779,0.4952050264550265
Consumer Defensive,KVUE,LR,0.4915254237288136,0.481277213352685
Consumer Defensive,KVUE,RF,0.5,0.5465892597968071
Financial Services,L,LR,0.55,0.5219826675121538
Financial Services,L,RF,0.5428571428571428,0.5392358909321497
Technology,LDOS,LR,0.5513196480938416,0.49629244629244634
Technology,LDOS,RF,0.5073313782991202,0.4785516285516286
Consumer Cyclical,LEN,LR,0.515,0.5413381392205452
Consumer Cyclical,LEN,RF,0.49,0.508297664639183
Healthcare,LH,LR,0.46883468834688347,0.45835790963784356
Healthcare,LH,RF,0.5420054200542005,0.5323669930399906
Industrials,LHX,LR,0.448,0.443048433048433
Industrials,LHX,RF,0.496,0.4524501424501424
Basic Materials,LIN,LR,0.49731182795698925,0.4946656258131668
Basic Materials,LIN,RF,0.5080645161290323,0.49770144852112064
Consumer Cyclical,LKQ,LR,0.5366666666666666,0.5205193188386465
Consumer Cyclical,LKQ,RF,0.5266666666666666,0.5012004801920769
Healthcare,LLY,LR,0.5351473922902494,0.485924543946932
Healthcare,LLY,RF,0.5215419501133787,0.4859349087893864
Industrials,LMT,LR,0.49440715883668906,0.4592899360701218
Industrials,LMT,RF,0.4988814317673378,0.478267862168791
Financial Services,LNC,LR,0.5618556701030928,0.5860042735042734
Financial Services,LNC,RF,0.5051546391752577,0.506517094017094
Utilities,LNT,LR,0.4867549668874172,0.5036496350364963
Utilities,LNT,RF,0.45364238410596025,0.47387746073877457
Consumer Cyclical,LOW,LR,0.47837150127226463,0.4793037351706989
Consumer Cyclical,LOW,RF,0.539440203562341,0.5364580635134435
Technology,LRCX,LR,0.5655526992287918,0.5653008962868118
Technology,LRCX,RF,0.506426735218509,0.5005601792573623
Consumer Cyclical,LULU,LR,0.4460431654676259,0.43773349937733497
Consumer Cyclical,LULU,RF,0.4892086330935252,0.5028019925280199
Communication Services,LUMN,LR,0.5583756345177665,0.5255775577557755
Communication Services,LUMN,RF,0.49238578680203043,0.47545379537953797
Industrials,LUV,LR,0.47415730337078654,0.4475572954897643
Industrials,LUV,RF,0.4651685393258427,0.44964725552565044
Consumer Cyclical,LVS,LR,0.48826291079812206,0.48812123618556014
Consumer Cyclical,LVS,RF,0.5,0.5007058875432907
Consumer Defensive,LW,LR,0.48923076923076925,0.48413239415284404
Consumer Defensive,LW,RF,0.5138461538461538,0.5288570779368326
Basic Materials,LYB,LR,0.4797843665768194,0.52357050604673
Basic Materials,LYB,RF,0.4716981132075472,0.4872901256310908
Communication Services,LYV,LR,0.5319693094629157,0.5059110970996217
Communication Services,LYV,RF,0.4629156010230179,0.46658259773013877
Financial Services,MA,LR,0.5078299776286354,0.4848729001329412
Financial Services,MA,RF,0.47651006711409394,0.4691818071949402
Real Estate,MAA,LR,0.49834983498349833,0.4957291031116534
Real Estate,MAA,RF,0.48514851485148514,0.48352654057352046
Consumer Cyclical,MAR,LR,0.5112107623318386,0.5224075825568993
Consumer Cyclical,MAR,RF,0.5089686098654709,0.4923228623749824
Industrials,MAS,LR,0.4869281045751634,0.4461340758192332
Industrials,MAS,RF,0.46078431372549017,0.4670379096166203
Consumer Cyclical,MCD,LR,0.5011337868480725,0.4895863346367566
Consumer Cyclical,MCD,RF,0.5306122448979592,0.5211771969541057
Technology,MCHP,LR,0.48717948717948717,0.4922372352864752
Technology,MCHP,RF,0.47863247863247865,0.49964271794205534
Healthcare,MCK,LR,0.5444743935309974,0.4195043679800321
Healthcare,MCK,RF,0.49865229110512127,0.49524573601949246
Financial Services,MCO,LR,0.5227882037533512,0.5116808952468851
Financial Services,MCO,RF,0.4906166219839142,0.4912321181356714
Consumer Defensive,MDLZ,LR,0.5103926096997691,0.517757809157039
Consumer Defensive,MDLZ,RF,0.48036951501154734,0.5158429610611897
Healthcare,MDT,LR,0.5068493150684932,0.49959065432332006
Healthcare,MDT,RF,0.5,0.48872724982681526
Financial Services,MET,LR,0.5370370370370371,0.5350911458333334
Financial Services,MET,RF,0.5208333333333334,0.5187282986111111
Communication Services,META,LR,0.5235955056179775,0.5215843346684468
Communication Services,META,RF,0.5280898876404494,0.5190557106444956
Consumer Cyclical,MGM,LR,0.49653579676674364,0.4993591934381408
Consumer Cyclical,MGM,RF,0.5034642032332564,0.5105412679425837
Consumer Cyclical,MHK,LR,0.5407166123778502,0.5616432524478502
Consumer Cyclical,MHK,RF,0.5570032573289903,0.5634738186462324
Consumer Defensive,MKC,LR,0.5153374233128835,0.5096179183135705
Consumer Defensive,MKC,RF,0.5061349693251533,0.5006587615283268
Financial Services,MKTX,LR,0.47706422018348627,0.48189300411522634
Financial Services,MKTX,RF,0.5229357798165137,0.5281144781144781
Basic Materials,MLM,LR,0.5065359477124183,0.5210611756664388
Basic Materials,MLM,RF,0.4934640522875817,0.472723000683527
Industrials,MMM,LR,0.5133689839572193,0.540461432506887
Industrials,MMM,RF,0.5294117647058824,0.532526974288338
Consumer Defensive,MNST,LR,0.5041322314049587,0.4910714285714286
Consumer Defensive,MNST,RF,0.5426997245179064,0.5227986453201969
Consumer Defensive,MO,LR,0.5298329355608592,0.5134706074613624
Consumer Defensive,MO,RF,0.5322195704057279,0.5303030303030303
Healthcare,MOH,LR,0.49404761904761907,0.4724431818181819
Healthcare,MOH,RF,0.5476190476190477,0.5398437499999998
Basic Materials,MOS,LR,0.483695652173913,0.485153780246403
Basic Materials,MOS,RF,0.48641304347826086,0.503663544775017
Energy,MPC,LR,0.5168831168831168,0.5071227385982018
Energy,MPC,RF,0.4987012987012987,0.486553461163471
Technology,MPWR,LR,0.56875,0.6148182957393483
Technology,MPWR,RF,0.5375,0.5237312030075187
Healthcare,MRK,LR,0.5218390804597701,0.48782086522603285
Healthcare,MRK,RF,0.5011494252873563,0.5000634329936144
Healthcare,MRNA,LR,0.46774193548387094,0.44321839080459774
Healthcare,MRNA,RF,0.43548387096774194,0.46225705329153605
Financial Services,MRSH,LR,0.5258620689655172,0.5063752276867031
Financial Services,MRSH,RF,0.5028735632183908,0.4923994038748137
Financial Services,MS,LR,0.5067567567567568,0.4984126984126984
Financial Services,MS,RF,0.5292792792792793,0.5221081025002594
Financial Services,MSCI,LR,0.5409429280397022,0.5347346009110714
Financial Services,MSCI,RF,0.5285359801488834,0.5283719548425431
Technology,MSFT,LR,0.4966442953020134,0.4953067719453732
Technology,MSFT,RF,0.4809843400447427,0.4694638037304113
Technology,MSI,LR,0.5303867403314917,0.49248281786941583
Technology,MSI,RF,0.5497237569060773,0.5475116593028965
Financial Services,MTB,LR,0.4688279301745636,0.4511011011011011
Financial Services,MTB,RF,0.4688279301745636,0.4552802802802803
Communication Services,MTCH,LR,0.4933920704845815,0.5145231438334886
Communication Services,MTCH,RF,0.5594713656387665,0.5836828207517863
Healthcare,MTD,LR,0.5460992907801419,0.522979797979798
Healthcare,MTD,RF,0.5425531914893617,0.5555050505050504
Technology,MU,LR,0.4942528735632184,0.48586744639376217
Technology,MU,RF,0.5103448275862069,0.5148211712857023
Consumer Cyclical,NCLH,LR,0.4666666666666667,0.4834381330737457
Consumer Cyclical,NCLH,RF,0.4794871794871795,0.5044463153463653
Financial Services,NDAQ,LR,0.5452322738386308,0.5140535467298952
Financial Services,NDAQ,RF,0.530562347188264,0.5092743528946848
Industrials,NDSN,LR,0.5157232704402516,0.5322477650063857
Industrials,NDSN,RF,0.5660377358490566,0.5469348659003831
Utilities,NEE,LR,0.48711943793911006,0.46479805782387995
Utilities,NEE,RF,0.5292740046838408,0.5180313396601192
Basic Materials,NEM,LR,0.5071428571428571,0.5085451408855665
Basic Materials,NEM,RF,0.48333333333333334,0.4950546290971823
Communication Services,NFLX,LR,0.5011185682326622,0.4815490754482371
Communication Services,NFLX,RF,0.47651006711409394,0.458866471461233
Utilities,NI,LR,0.5490909090909091,0.5340798442064264
Utilities,NI,RF,0.52,0.5056258790436006
Consumer Cyclical,NKE,LR,0.48764044943820223,0.5087903649517036
Consumer Cyclical,NKE,RF,0.49887640449438203,0.5041627935173585
Industrials,NOC,LR,0.5259593679458239,0.5245452687512773
Industrials,NOC,RF,0.4650112866817156,0.4669323523400777
Technology,NOW,LR,0.494949494949495,0.47754517802826985
Technology,NOW,RF,0.51010101010101,0.4638831377961813
Utilities,NRG,LR,0.5255255255255256,0.530791575889615
Utilities,NRG,RF,0.4804804804804805,0.4396514161220044
Industrials,NSC,LR,0.5026041666666666,0.5081299709546948
Industrials,NSC,RF,0.4921875,0.49717690491055677
Technology,NTAP,LR,0.5065963060686016,0.5141855901317633
Technology,NTAP,RF,0.554089709762533,0.5466077936641435
Financial Services,NTRS,LR,0.5187032418952618,0.5113122171945701
Financial Services,NTRS,RF,0.5087281795511222,0.5242709904474611
Basic Materials,NUE,LR,0.4890710382513661,0.4855009705838435
Basic Materials,NUE,RF,0.5109289617486339,0.5281021352844557
Technology,NVDA,LR,0.5436241610738255,0.5170680712476379
Technology,NVDA,RF,0.5369127516778524,0.5420268585903261
Consumer Cyclical,NVR,LR,0.47540983606557374,0.5127289928614432
Consumer Cyclical,NVR,RF,0.4918032786885246,0.47931538660015477
Consumer Defensive,NWL,LR,0.49171270718232046,0.5116421568627451
Consumer Defensive,NWL,RF,0.5193370165745856,0.5091911764705883
Communication Services,NWS,LR,0.5046948356807511,0.5130998588567396
Communication Services,NWS,RF,0.5211267605633803,0.5298385673959067
Communication Services,NWSA,LR,0.5352112676056338,0.5358402398166108
Communication Services,NWSA,RF,0.5140845070422535,0.48962925409980607
Technology,NXPI,LR,0.45147679324894513,0.49264915786468744
Technology,NXPI,RF,0.4936708860759494,0.5304381958321439
Real Estate,O,LR,0.5278592375366569,0.5457710071000207
Real Estate,O,RF,0.5102639296187683,0.5093058523471428
Industrials,ODFL,LR,0.503125,0.5012109374999999
Industrials,ODFL,RF,0.5375,0.5389062499999999
Energy,OKE,LR,0.5366492146596858,0.5053204859656473
Energy,OKE,RF,0.5235602094240838,0.5100684261974584
Communication Services,OMC,LR,0.4673913043478261,0.48321353565829567
Communication Services,OMC,RF,0.4483695652173913,0.4670926139556897
Technology,ON,LR,0.5263157894736842,0.5177984665936473
Technology,ON,RF,0.49122807017543857,0.5024644030668127
Technology,ORCL,LR,0.5180995475113123,0.4941237007306782
Technology,ORCL,RF,0.5407239819004525,0.5305958629206545
Consumer Cyclical,ORLY,LR,0.5504885993485342,0.49331103678929766
Consumer Cyclical,ORLY,RF,0.5342019543973942,0.49296801303490273
Industrials,OTIS,LR,0.5406360424028268,0.5106835443037975
Industrials,OTIS,RF,0.49823321554770317,0.46306329113924055
Energy,OXY,LR,0.4964871194379391,0.4841973574469953
Energy,OXY,RF,0.522248243559719,0.5073965146393925
Technology,PANW,LR,0.5287356321839081,0.4876748834110593
Technology,PANW,RF,0.5287356321839081,0.5027315123251166
Technology,PAYC,LR,0.5170068027210885,0.5146956722980791
Technology,PAYC,RF,0.4931972789115646,0.47070122656792407
Technology,PAYX,LR,0.48623853211009177,0.45907526559928175
Technology,PAYX,RF,0.5504587155963303,0.538998204399222
Industrials,PCAR,LR,0.49244712990936557,0.49974358974358973
Industrials,PCAR,RF,0.49244712990936557,0.5197985347985348
Utilities,PCG,LR,0.4818181818181818,0.4568146127779156
Utilities,PCG,RF,0.509090909090909,0.5013224233407719
Utilities,PEG,LR,0.5232558139534884,0.4199561403508772
Utilities,PEG,RF,0.48255813953488375,0.4807257401315789
Consumer Cyclical,PENN,LR,0.5584415584415584,0.5723140495867769
Consumer Cyclical,PENN,RF,0.5324675324675324,0.5795454545454546
Consumer Defensive,PEP,LR,0.5246636771300448,0.529408208910113
Consumer Defensive,PEP,RF,0.4641255605381166,0.5112232767132121
Healthcare,PFE,LR,0.4977578475336323,0.4663046757164404
Healthcare,PFE,RF,0.45964125560538116,0.46303670186023127
Financial Services,PFG,LR,0.49415204678362573,0.4829621495487458
Financial Services,PFG,RF,0.49122807017543857,0.49171270718232046
Consumer Defensive,PG,LR,0.5056689342403629,0.5331684188827046
Consumer Defensive,PG,RF,0.5124716553287982,0.48852813852813853
Financial Services,PGR,LR,0.484593837535014,0.508320251177394
Financial Services,PGR,RF,0.5182072829131653,0.5399529042386185
Industrials,PH,LR,0.5302593659942363,0.5109010160823633
Industrials,PH,RF,0.5129682997118156,0.539499360742884
Consumer Cyclical,PHM,LR,0.4786096256684492,0.5106053657418023
Consumer Cyclical,PHM,RF,0.5053475935828877,0.4940810593900482
Consumer Cyclical,PKG,LR,0.5420560747663551,0.5523255813953488
Consumer Cyclical,PKG,RF,0.5327102803738317,0.533732636179179
Real Estate,PLD,LR,0.5121359223300971,0.4615547853151305
Real Estate,PLD,RF,0.5266990291262136,0.5102803517955248
Technology,PLTR,LR,0.5056179775280899,0.5304878048780488
Technology,PLTR,RF,0.5730337078651685,0.5200711382113821
Consumer Defensive,PM,LR,0.530562347188264,0.5106571498892445
Consumer Defensive,PM,RF,0.5354523227383863,0.5103125769136105
Financial Services,PNC,LR,0.5392405063291139,0.5252610999639862
Financial Services,PNC,RF,0.5215189873417722,0.5207079281782169
Industrials,PNR,LR,0.5231788079470199,0.5158796397979355
Industrials,PNR,RF,0.49337748344370863,0.481133318690973
Utilities,PNW,LR,0.4623287671232877,0.4740740740740741
Utilities,PNW,RF,0.4931506849315068,0.4792260208926875
Healthcare,PODD,LR,0.5321637426900585,0.5135396518375241
Healthcare,PODD,RF,0.52046783625731,0.5306023763470573
Industrials,POOL,LR,0.45251396648044695,0.5065206051121544
Industrials,POOL,RF,0.46368715083798884,0.5211919666145017
Basic Materials,PPG,LR,0.5013192612137203,0.4983839509612705
Basic Materials,PPG,RF,0.5329815303430079,0.538102535525216
Utilities,PPL,LR,0.42727272727272725,0.3862363689949897
Utilities,PPL,RF,0.46060606060606063,0.41604037724727383
Financial Services,PRU,LR,0.4820936639118457,0.49480630575583523
Financial Services,PRU,RF,0.48484848484848486,0.5079280215080044
Real Estate,PSA,LR,0.5136612021857924,0.5375656951743908
Real Estate,PSA,RF,0.4644808743169399,0.4792462971810798
Energy,PSX,LR,0.49537037037037035,0.4812076931342001
Energy,PSX,RF,0.48842592592592593,0.4830020414741592
Technology,PTC,LR,0.4603174603174603,0.4159540954095409
Technology,PTC,RF,0.4603174603174603,0.41212871287128716
Consumer Cyclical,PVH,LR,0.5467625899280576,0.5121136173767753
Consumer Cyclical,PVH,RF,0.5035971223021583,0.49279448621553884
Industrials,PWR,LR,0.5335463258785943,0.48934665002080735
Industrials,PWR,RF,0.5239616613418531,0.5115480649188514
Financial Services,PYPL,LR,0.509478672985782,0.5289001059107195
Financial Services,PYPL,RF,0.5023696682464455,0.5170020506118034
Technology,QCOM,LR,0.5101123595505618,0.5329581342618835
Technology,QCOM,RF,0.5213483146067416,0.5279880962021217
Technology,QRVO,LR,0.5186567164179104,0.52512408677709
Technology,QRVO,RF,0.5447761194029851,0.5559087613630026
Consumer Cyclical,RCL,LR,0.5263157894736842,0.5226537216828478
Consumer Cyclical,RCL,RF,0.5263157894736842,0.5136804942630185
Real Estate,REG,LR,0.5145631067961165,0.5225081733590411
Real Estate,REG,RF,0.5080906148867314,0.5308701483779026
Healthcare,REGN,LR,0.5132530120481927,0.52088948787062
Healthcare,REGN,RF,0.5493975903614458,0.5481108839111442
Financial Services,RF,LR,0.5371428571428571,0.5371949426639223
Financial Services,RF,RF,0.4514285714285714,0.45870495605867556
Industrials,RHI,LR,0.4719626168224299,0.4385995777621393
Industrials,RHI,RF,0.49065420560747663,0.49349049964813513
Financial Services,RJF,LR,0.5321637426900585,0.4630077369439072
Financial Services,RJF,RF,0.5087719298245614,0.4903633600442111
Consumer Cyclical,RL,LR,0.513953488372093,0.4906521739130435
Consumer Cyclical,RL,RF,0.4883720930232558,0.4727282608695652
Healthcare,RMD,LR,0.5587392550143266,0.5482586082033051
Healthcare,RMD,RF,0.4871060171919771,0.4946178155243926
Industrials,ROK,LR,0.5346534653465347,0.507947409733124
Industrials,ROK,RF,0.5445544554455446,0.5386087127158555
Consumer Cyclical,ROL,LR,0.5085324232081911,0.4597451628126475
Consumer Cyclical,ROL,RF,0.4880546075085324,0.4607361963190184
Technology,ROP,LR,0.5,0.5237606837606837
Technology,ROP,RF,0.5032679738562091,0.4807905982905983
Consumer Cyclical,ROST,LR,0.49085365853658536,0.4935668600327235
Consumer Cyclical,ROST,RF,0.5396341463414634,0.5590324260002975
Industrials,RSG,LR,0.5354330708661418,0.5047699214365882
Industrials,RSG,RF,0.5538057742782152,0.5383698092031425
Industrials,RTX,LR,0.48325358851674644,0.5070120898100172
Industrials,RTX,RF,0.5143540669856459,0.49997697179044326
Healthcare,RVTY,LR,0.4745222929936306,0.4755934266585514
Healthcare,RVTY,RF,0.5,0.5028200446337999
Real Estate,SBAC,LR,0.4533762057877814,0.42994210090984286
Real Estate,SBAC,RF,0.5016077170418006,0.5138130686517783
Consumer Cyclical,SBUX,LR,0.49209932279909707,0.5176962283384302
Consumer Cyclical,SBUX,RF,0.49209932279909707,0.4867074413863405
Financial Services,SCHW,LR,0.5048076923076923,0.5313549832026876
Financial Services,SCHW,RF,0.4807692307692308,0.4993701007838746
Consumer Cyclical,SEE,LR,0.4530386740331492,0.4781120078258743
Consumer Cyclical,SEE,RF,0.5359116022099447,0.5226828075324039
Basic Materials,SHW,LR,0.43059490084985835,0.45238095238095244
Basic Materials,SHW,RF,0.5070821529745042,0.47688411407923603
Consumer Defensive,SJM,LR,0.5175438596491229,0.5003255989306645
Consumer Defensive,SJM,RF,0.5146198830409356,0.524557014086438
Energy,SLB,LR,0.5076142131979695,0.5224742268041237
Energy,SLB,RF,0.5406091370558376,0.5559407216494845
Technology,SMCI,LR,0.5416666666666666,0.4810901001112347
Technology,SMCI,RF,0.45,0.4783092324805339
Industrials,SNA,LR,0.5316901408450704,0.5809363221583019
Industrials,SNA,RF,0.5316901408450704,0.5141093037095814
Technology,SNPS,LR,0.5382513661202186,0.49247782306401344
Technology,SNPS,RF,0.4890710382513661,0.4857797890194198
Utilities,SO,LR,0.4880952380952381,0.47340147048781045
Utilities,SO,RF,0.5,0.4929320980628713
Real Estate,SPG,LR,0.4986449864498645,0.4729530002955956
Real Estate,SPG,RF,0.45257452574525747,0.45833579663020985
Financial Services,SPGI,LR,0.5263157894736842,0.5018015989190406
Financial Services,SPGI,RF,0.5684210526315789,0.5462222722666366
Utilities,SRE,LR,0.48,0.4826399680326777
Utilities,SRE,RF,0.5247058823529411,0.5219331350175376
Healthcare,STE,LR,0.49458483754512633,0.47424668960483796
Healthcare,STE,RF,0.5126353790613718,0.5326608278594516
Basic Materials,STLD,LR,0.5158730158730159,0.49518255578093306
Basic Materials,STLD,RF,0.4365079365079365,0.454868154158215
Financial Services,STT,LR,0.538083538083538,0.5008687019111442
Financial Services,STT,RF,0.5749385749385749,0.5670017374038222
Technology,STX,LR,0.5068493150684932,0.5304072398190045
Technology,STX,RF,0.5123287671232877,0.498340874811463
Consumer Defensive,STZ,LR,0.5012468827930174,0.5160823094595944
Consumer Defensive,STZ,RF,0.516209476309227,0.5412920787134152
Industrials,SWK,LR,0.55,0.5641346340921092
Industrials,SWK,RF,0.5184210526315789,0.5366741710442202
Technology,SWKS,LR,0.48348348348348347,0.504949421965318
Technology,SWKS,RF,0.5315315315315315,0.5472182080924856
Financial Services,SYF,LR,0.5255681818181818,0.5125686969529446
Financial Services,SYF,RF,0.5113636363636364,0.5315762089037757
Healthcare,SYK,LR,0.48509485094850946,0.4756756756756756
Healthcare,SYK,RF,0.5094850948509485,0.5240746180963571
Consumer Defensive,SYY,LR,0.5315068493150685,0.5386048188427567
Consumer Defensive,SYY,RF,0.4958904109589041,0.5282250796130504
Communication Services,T,LR,0.4943820224719101,0.5224897959183674
Communication Services,T,RF,0.4966292134831461,0.540469387755102
Consumer Defensive,TAP,LR,0.4897435897435897,0.5038684210526316
Consumer Defensive,TAP,RF,0.517948717948718,0.5319342105263157
Industrials,TDG,LR,0.5264797507788161,0.5233934169278998
Industrials,TDG,RF,0.4953271028037383,0.48836206896551726
Technology,TDY,LR,0.581081081081081,0.5522585992540406
Technology,TDY,RF,0.46846846846846846,0.4980107749689184
Healthcare,TECH,LR,0.572289156626506,0.5446623093681917
Healthcare,TECH,RF,0.5060240963855421,0.5311546840958606
Technology,TEL,LR,0.5115511551155115,0.4805555555555555
Technology,TEL,RF,0.528052805280528,0.5132275132275133
Technology,TER,LR,0.5091575091575091,0.523049645390071
Technology,TER,RF,0.45787545787545786,0.44280571674188696
Financial Services,TFC,LR,0.5025773195876289,0.480898337595908
Financial Services,TFC,RF,0.5,0.4706281969309464
Healthcare,TFX,LR,0.49477351916376305,0.49043224866440016
Healthcare,TFX,RF,0.5470383275261324,0.5436862554638174
Consumer Defensive,TGT,LR,0.4719626168224299,0.45307889041904387
Consumer Defensive,TGT,RF,0.4953271028037383,0.47664327715478616
Consumer Cyclical,TJX,LR,0.5086848635235732,0.5113310242454231
Consumer Cyclical,TJX,RF,0.5186104218362283,0.517330529440871
Healthcare,TMO,LR,0.5128205128205128,0.5522865853658536
Healthcare,TMO,RF,0.5174825174825175,0.5228985191637631
Communication Services,TMUS,LR,0.4798206278026906,0.45267489711934156
Communication Services,TMUS,RF,0.48878923766816146,0.49739504145634406
Consumer Cyclical,TPR,LR,0.5014245014245015,0.4824786324786325
Consumer Cyclical,TPR,RF,0.5527065527065527,0.5328238001314924
Energy,TRGP,LR,0.45,0.46346207279799945
Energy,TRGP,RF,0.5083333333333333,0.4647124201166991
Technology,TRMB,LR,0.4558139534883721,0.47540983606557374
Technology,TRMB,RF,0.5255813953488372,0.4970033491979552
Financial Services,TROW,LR,0.49604221635883905,0.495821494233662
Financial Services,TROW,RF,0.525065963060686,0.5133990751573904
Financial Services,TRV,LR,0.5257142857142857,0.5077795358649789
Financial Services,TRV,RF,0.47714285714285715,0.4788370253164557
Consumer Cyclical,TSCO,LR,0.48578811369509045,0.47544535387578235
Consumer Cyclical,TSCO,RF,0.537467700258398,0.5381292462419087
Consumer Cyclical,TSLA,LR,0.5094339622641509,0.5261933833362405
Consumer Cyclical,TSLA,RF,0.5175202156334232,0.5052764695621839
Consumer Defensive,TSN,LR,0.5382716049382716,0.5332146515144125
Consumer Defensive,TSN,RF,0.4888888888888889,0.49685411890942793
Industrials,TT,LR,0.5258064516129032,0.4992279120237052
Industrials,TT,RF,0.5258064516129032,0.5219940737031009
Communication Services,TTWO,LR,0.5170454545454546,0.4795888109123258
Communication Services,TTWO,RF,0.4971590909090909,0.46677209976607037
Technology,TXN,LR,0.5362997658079626,0.5440342781806197
Technology,TXN,RF,0.5081967213114754,0.5099318831026148
Industrials,TXT,LR,0.5155807365439093,0.5191319979455572
Industrials,TXT,RF,0.509915014164306,0.5185541859270673
Technology,TYL,LR,0.5180722891566265,0.5056774193548387
Technology,TYL,RF,0.5421686746987951,0.49890322580645163
Consumer Cyclical,UA,LR,0.5193798449612403,0.532948532948533
Consumer Cyclical,UA,RF,0.4806201550387597,0.506012506012506
Consumer Cyclical,UAA,LR,0.5116279069767442,0.4942224362060665
Consumer Cyclical,UAA,RF,0.4418604651162791,0.48038035628310066
Industrials,UAL,LR,0.45861297539149887,0.4452260702260702
Industrials,UAL,RF,0.46756152125279643,0.47689193522526857
Technology,UBER,LR,0.5517241379310345,0.4904870624048706
Technology,UBER,RF,0.4827586206896552,0.4811643835616438
Real Estate,UDR,LR,0.5328947368421053,0.5078787878787878
Real Estate,UDR,RF,0.5164473684210527,0.48984848484848487
Healthcare,UHS,LR,0.4782608695652174,0.48719040247678014
Healthcare,UHS,RF,0.5186335403726708,0.5249613003095974
Consumer Cyclical,ULTA,LR,0.47527472527472525,0.47942554799697656
Consumer Cyclical,ULTA,RF,0.46703296703296704,0.46220710506424795
Healthcare,UNH,LR,0.4688995215311005,0.45374954162082876
Healthcare,UNH,RF,0.45215311004784686,0.45507884121745507
Industrials,UNP,LR,0.49875311720698257,0.48611733094491716
Industrials,UNP,RF,0.4837905236907731,0.4685773996118824
Industrials,UPS,LR,0.4794520547945205,0.47493326659993323
Industrials,UPS,RF,0.5091324200913242,0.5164852352352353
Industrials,URI,LR,0.5168195718654435,0.5075207662949937
Industrials,URI,RF,0.5137614678899083,0.5436092194866422
Financial Services,USB,LR,0.4891041162227603,0.49237626084916725
Financial Services,USB,RF,0.5447941888619855,0.5334740792868872
Financial Services,V,LR,0.5045045045045045,0.48747957516339874
Financial Services,V,RF,0.5202702702702703,0.487469362745098
Consumer Cyclical,VFC,LR,0.5148148148148148,0.5433752204585538
Consumer Cyclical,VFC,RF,0.48148148148148145,0.5162037037037037
Real Estate,VICI,LR,0.46218487394957986,0.48075834748160723
Real Estate,VICI,RF,0.4957983193277311,0.45981890209394455
Energy,VLO,LR,0.5529100529100529,0.5478509867774628
Energy,VLO,RF,0.5687830687830688,0.5454928272648156
Basic Materials,VMC,LR,0.535031847133758,0.5184552845528455
Basic Materials,VMC,RF,0.5159235668789809,0.48796747967479676
Real Estate,VNO,LR,0.4556213017751479,0.4877905266254781
Real Estate,VNO,RF,0.4437869822485207,0.42630185348631955
Industrials,VRSK,LR,0.50920245398773,0.4702446010628274
Industrials,VRSK,RF,0.5337423312883436,0.4977009761429164
Technology,VRSN,LR,0.5605536332179931,0.568553459119497
Technology,VRSN,RF,0.5190311418685121,0.5159167876149008
Healthcare,VRTX,LR,0.5310173697270472,0.5208209251538615
Healthcare,VRTX,RF,0.5459057071960298,0.538936867182847
Utilities,VST,LR,0.4166666666666667,0.5753086419753087
Utilities,VST,RF,0.4880952380952381,0.5635802469135802
Real Estate,VTR,LR,0.5119047619047619,0.5040132455098442
Real Estate,VTR,RF,0.5327380952380952,0.5418601302955044
Healthcare,VTRS,LR,0.5304659498207885,0.5493546721734641
Healthcare,VTRS,RF,0.5125448028673835,0.5376613319566339
Communication Services,VZ,LR,0.5241379310344828,0.521923890063425
Communication Services,VZ,RF,0.503448275862069,0.5203699788583509
Industrials,WAB,LR,0.49498327759197325,0.49598990718212127
Industrials,WAB,RF,0.4882943143812709,0.4831936559430477
Healthcare,WAT,LR,0.4707792207792208,0.4506756756756757
Healthcare,WAT,RF,0.487012987012987,0.5030405405405405
Communication Services,WBD,LR,0.48046875,0.5175492610837438
Communication Services,WBD,RF,0.51953125,0.5342364532019706
Technology,WDC,LR,0.5490716180371353,0.5367185289957567
Technology,WDC,RF,0.53315649867374,0.5156294200848657
Utilities,WEC,LR,0.4560810810810811,0.4744083654375344
Utilities,WEC,RF,0.4797297297297297,0.4907585764079986
Real Estate,WELL,LR,0.5353846153846153,0.5035719832272092
Real Estate,WELL,RF,0.49538461538461537,0.5028925298959466
Financial Services,WFC,LR,0.5135135135135135,0.5254985754985756
Financial Services,WFC,RF,0.5608108108108109,0.5561660561660562
Consumer Cyclical,WHR,LR,0.44308943089430897,0.48945623342175065
Consumer Cyclical,WHR,RF,0.483739837398374,0.4896883289124669
Industrials,WM,LR,0.4789915966386555,0.46053791887125217
Industrials,WM,RF,0.5658263305322129,0.5315255731922398
Energy,WMB,LR,0.5605263157894737,0.5071035489667566
Energy,WMB,RF,0.5131578947368421,0.47185253818508527
Consumer Defensive,WMT,LR,0.47651006711409394,0.41926431397884195
Consumer Defensive,WMT,RF,0.5055928411633109,0.4745417104094322
Financial Services,WRB,LR,0.5353535353535354,0.5468632607062359
Financial Services,WRB,RF,0.5050505050505051,0.48382325319308794
Healthcare,WST,LR,0.5543478260869565,0.5558831271387208
Healthcare,WST,RF,0.5253623188405797,0.5069228744406422
Financial Services,WTW,LR,0.5791505791505791,0.6000963043216564
Financial Services,WTW,RF,0.5096525096525096,0.49064042373901523
Financial Services,WU,LR,0.5434782608695652,0.5546099290780142
Financial Services,WU,RF,0.5217391304347826,0.5851063829787234
Real Estate,WY,LR,0.5438066465256798,0.5291347207009858
Real Estate,WY,RF,0.4561933534743202,0.47026286966046
Consumer Cyclical,WYNN,LR,0.5070422535211268,0.484220297029703
Consumer Cyclical,WYNN,RF,0.47417840375586856,0.4625729314002829
Utilities,XEL,LR,0.5033860045146726,0.46701039398545663
Utilities,XEL,RF,0.510158013544018,0.4852101392711885
Energy,XOM,LR,0.49551569506726456,0.4931935061006353
Energy,XOM,RF,0.5246636771300448,0.5011092064132299
Healthcare,XRAY,LR,0.5345622119815668,0.5561788203297637
Healthcare,XRAY,RF,0.5483870967741935,0.5628505864354921
Industrials,XYL,LR,0.5031055900621118,0.4720189912826899
Industrials,XYL,RF,0.4751552795031056,0.4733616127023662
Consumer Cyclical,YUM,LR,0.4784688995215311,0.48812876342239614
Consumer Cyclical,YUM,RF,0.5167464114832536,0.5103029054193283
Healthcare,ZBH,LR,0.4722222222222222,0.47127099427341557
Healthcare,ZBH,RF,0.4691358024691358,0.4905838041431262
Technology,ZBRA,LR,0.47477744807121663,0.4883294549044496
Technology,ZBRA,RF,0.4836795252225519,0.48018475424864254
Financial Services,ZION,LR,0.5157232704402516,0.5428480407773176
Financial Services,ZION,RF,0.4591194968553459,0.4945046193055113
Healthcare,ZTS,LR,0.49696969696969695,0.47888566283215117
Healthcare,ZTS,RF,0.5242424242424243,0.5223822999742731
